{
  "objectInfo" : {
    "id" : "atjtw6qwqoqdZiiAg9wlgZ",
    "name" : "hs_DDDC_IICS_USER",
    "type" : "HSCHEMA",
    "metadata" : {
      "modelVersion" : {
        "major" : 0,
        "minor" : 0
      },
      "repoInfo" : {
        "repoHandle" : "000QJ136000000000003"
      },
      "contextAttributes" : [ {
        "name" : "id",
        "value" : "@1"
      } ],
      "additionalInfo" : {
        "description" : "Small Change",
        "contentType" : "JSON",
        "documentState" : "VALID"
      }
    }
  },
  "dataFileExtension" : "zip",
  "objectRefs" : [ ]
}