{
  "name" : "job-1664888915876",
  "sourceOrgId" : "72PAhxEN87hbjASKOLn0Ma",
  "sourceOrgName" : "Cree LED, Inc.",
  "exportedObjects" : [ {
    "objectGuid" : "3ragXDx8SS3liAW4gHYK0B",
    "objectName" : "SQL_DEV_ADEXA_ADXXL",
    "objectType" : "Connection",
    "path" : "/SYS",
    "metadata" : {
      "modelVersion" : {
        "major" : 0,
        "minor" : 0
      },
      "repoInfo" : {
        "repoHandle" : "01C2UD0B00000000001B"
      },
      "objectRefs" : [ "47lcBj2lUDJglcVZCgVAEE" ],
      "contextAttributes" : [ {
        "name" : "id",
        "value" : "@1"
      } ],
      "additionalInfo" : {
        "description" : "XLamp - ADXXL (adexa_report)",
        "contentType" : "JSON",
        "documentState" : "COMPLETE"
      }
    }
  }, {
    "objectGuid" : "7JcwDSueHKieY57yZubHaK",
    "objectName" : "m_Outbound_ADX_XL_ORDERS",
    "objectType" : "DTEMPLATE",
    "path" : "/Explore/UAT/Adexa",
    "metadata" : {
      "modelVersion" : {
        "major" : 0,
        "minor" : 0
      },
      "repoInfo" : {
        "repoHandle" : "01C2UD1700000000008Q"
      },
      "objectRefs" : [ "3ragXDx8SS3liAW4gHYK0B", "1ehwpHH02u4kjaUv7qGWun" ],
      "contextAttributes" : [ {
        "name" : "id",
        "value" : "@1"
      } ],
      "additionalInfo" : {
        "description" : "",
        "contentType" : "JSON",
        "documentState" : "VALID"
      }
    }
  }, {
    "objectGuid" : "47lcBj2lUDJglcVZCgVAEE",
    "objectName" : "Development - c23y6e9e",
    "objectType" : "AgentGroup",
    "path" : "/SYS",
    "metadata" : {
      "modelVersion" : {
        "major" : 0,
        "minor" : 0
      },
      "repoInfo" : {
        "repoHandle" : "01C2UD25000000000003"
      },
      "objectRefs" : [ ],
      "contextAttributes" : [ {
        "name" : "id",
        "value" : "@1"
      } ],
      "additionalInfo" : {
        "description" : null,
        "contentType" : "JSON",
        "documentState" : "VALID"
      }
    }
  }, {
    "objectGuid" : "7nIMCeqg2hZd5yL2GEGv8U",
    "objectName" : "m_Outbound_ADX_XL_INVENTORY",
    "objectType" : "DTEMPLATE",
    "path" : "/Explore/UAT/Adexa",
    "metadata" : {
      "modelVersion" : {
        "major" : 0,
        "minor" : 0
      },
      "repoInfo" : {
        "repoHandle" : "01C2UD1700000000008K"
      },
      "objectRefs" : [ "3ragXDx8SS3liAW4gHYK0B", "1ehwpHH02u4kjaUv7qGWun" ],
      "contextAttributes" : [ {
        "name" : "id",
        "value" : "@1"
      } ],
      "additionalInfo" : {
        "description" : "",
        "contentType" : "JSON",
        "documentState" : "VALID"
      }
    }
  }, {
    "objectGuid" : "aWmX8TmChcIeGuv6x8ZPqJ",
    "objectName" : "Adexa",
    "objectType" : "Folder",
    "path" : "/Explore/UAT",
    "metadata" : {
      "modelVersion" : {
        "major" : 0,
        "minor" : 0
      },
      "repoInfo" : null,
      "objectRefs" : [ ],
      "contextAttributes" : [ ],
      "additionalInfo" : {
        "description" : "Adexa outbound and inbound mappings",
        "contentType" : null,
        "documentState" : "COMPLETE"
      }
    }
  }, {
    "objectGuid" : "hesL7xPpjUUfKfqDP1U8GJ",
    "objectName" : "UAT",
    "objectType" : "Project",
    "path" : "/Explore",
    "metadata" : {
      "modelVersion" : {
        "major" : 0,
        "minor" : 0
      },
      "repoInfo" : null,
      "objectRefs" : [ ],
      "contextAttributes" : [ ],
      "additionalInfo" : {
        "description" : "",
        "contentType" : "Binary",
        "documentState" : "COMPLETE"
      }
    }
  }, {
    "objectGuid" : "1ehwpHH02u4kjaUv7qGWun",
    "objectName" : "SAP_MR1_TableConnector",
    "objectType" : "Connection",
    "path" : "/SYS",
    "metadata" : {
      "modelVersion" : {
        "major" : 0,
        "minor" : 0
      },
      "repoInfo" : {
        "repoHandle" : "01C2UD0B00000000001I"
      },
      "objectRefs" : [ "47lcBj2lUDJglcVZCgVAEE" ],
      "contextAttributes" : [ {
        "name" : "id",
        "value" : "@1"
      } ],
      "additionalInfo" : {
        "description" : null,
        "contentType" : "JSON",
        "documentState" : "COMPLETE"
      }
    }
  } ]
}