{
  "objectInfo" : {
    "id" : "7whPnVvfwGbdHPJDlVvEWp",
    "name" : "jjudy_mct_delay_3min",
    "type" : "MTT",
    "metadata" : {
      "modelVersion" : {
        "major" : 0,
        "minor" : 0
      },
      "repoInfo" : {
        "repoHandle" : "000QJ10Z000000000069"
      },
      "contextAttributes" : [ {
        "name" : "id",
        "value" : "@1"
      } ],
      "additionalInfo" : {
        "description" : "update mct",
        "contentType" : "JSON",
        "documentState" : "VALID"
      }
    }
  },
  "dataFileExtension" : "zip",
  "objectRefs" : [ {
    "id" : "3epb8TbTyjOh58TNFHMmMH",
    "name" : "jjudy_conn_mssql_ic_demo",
    "type" : "Connection",
    "metadata" : {
      "modelVersion" : {
        "major" : 0,
        "minor" : 0
      },
      "repoInfo" : {
        "repoHandle" : "000QJ10B00000000002R"
      },
      "contextAttributes" : null,
      "additionalInfo" : {
        "description" : "2020 sqlserver connection (SQL 2017 express located on jjudy LT)",
        "contentType" : "JSON",
        "documentState" : "VALID"
      }
    },
    "path" : "/SYS"
  }, {
    "id" : "7AKGgEBzV4Qh3xQ5KiVf0J",
    "name" : "Informatica Cloud Hosted Agent",
    "type" : "AgentGroup",
    "metadata" : {
      "modelVersion" : {
        "major" : 0,
        "minor" : 0
      },
      "repoInfo" : {
        "repoHandle" : "025000000000002"
      },
      "contextAttributes" : null,
      "additionalInfo" : {
        "description" : "",
        "contentType" : "JSON",
        "documentState" : "VALID"
      }
    },
    "path" : "/SYS"
  }, {
    "id" : "31uqMd8VWYCgIoSZRrUzaA",
    "name" : "jjudy_conn_mssql_ic_dw",
    "type" : "Connection",
    "metadata" : {
      "modelVersion" : {
        "major" : 0,
        "minor" : 0
      },
      "repoInfo" : {
        "repoHandle" : "000QJ10B00000000004J"
      },
      "contextAttributes" : null,
      "additionalInfo" : {
        "description" : "IC DEMO Data Warehouse (2020)",
        "contentType" : "JSON",
        "documentState" : "COMPLETE"
      }
    },
    "path" : "/SYS"
  }, {
    "id" : "hCpEO8cakiKjtrohMaWWUk",
    "name" : "jjudy_m_delay_3min",
    "type" : "DTEMPLATE",
    "metadata" : {
      "modelVersion" : {
        "major" : 0,
        "minor" : 0
      },
      "repoInfo" : {
        "repoHandle" : "000QJ1170000000000C9"
      },
      "contextAttributes" : null,
      "additionalInfo" : {
        "description" : "",
        "contentType" : null,
        "documentState" : "VALID"
      }
    },
    "path" : "/Explore/2021_git_jjudy_sandbox"
  } ]
}