{
  "objectInfo" : {
    "id" : "7jOlHRP9a48jiFvJjEBbGr",
    "name" : " jjudy_mct_ff_sqlsvr_30k_cust_run_10",
    "type" : "MTT",
    "metadata" : {
      "modelVersion" : {
        "major" : 0,
        "minor" : 0
      },
      "repoInfo" : {
        "repoHandle" : "000QJ10Z00000000002P"
      },
      "contextAttributes" : [ {
        "name" : "id",
        "value" : "@1"
      } ],
      "additionalInfo" : {
        "description" : "mct for \t\r\njjudy_m_ff_sqlsvr_30k_customers",
        "contentType" : "JSON",
        "documentState" : "VALID"
      }
    }
  },
  "dataFileExtension" : "zip",
  "objectRefs" : [ {
    "id" : "7hBbCJJkyInbcn0bLnUhKx",
    "name" : "jjudy_m_ff_sqlsvr_30k_customers",
    "type" : "DTEMPLATE",
    "metadata" : {
      "modelVersion" : {
        "major" : 0,
        "minor" : 0
      },
      "repoInfo" : {
        "repoHandle" : "000QJ11700000000002K"
      },
      "contextAttributes" : null,
      "additionalInfo" : {
        "description" : "",
        "contentType" : "JSON",
        "documentState" : "VALID"
      }
    },
    "path" : "/Explore/Default"
  }, {
    "id" : "3pZqYJbD5Jygk3Rul7yeUh",
    "name" : "jjudy_conn_ff_30k_dummy_data_customer",
    "type" : "Connection",
    "metadata" : {
      "modelVersion" : {
        "major" : 0,
        "minor" : 0
      },
      "repoInfo" : {
        "repoHandle" : "000QJ10B00000000002O"
      },
      "contextAttributes" : null,
      "additionalInfo" : {
        "description" : "300 customer records generated from PRNG",
        "contentType" : "JSON",
        "documentState" : "VALID"
      }
    },
    "path" : "/SYS"
  }, {
    "id" : "7GOMmbJMJu6fb1gk62FWaE",
    "name" : "able_group",
    "type" : "AgentGroup",
    "metadata" : {
      "modelVersion" : {
        "major" : 0,
        "minor" : 0
      },
      "repoInfo" : {
        "repoHandle" : "000QJ12500000000000V"
      },
      "contextAttributes" : null,
      "additionalInfo" : {
        "description" : null,
        "contentType" : "JSON",
        "documentState" : "VALID"
      }
    },
    "path" : "/SYS"
  }, {
    "id" : "6kkbmHWPa4YdgH52vrI0QW",
    "name" : "conn_jnj_mssql_demo",
    "type" : "Connection",
    "metadata" : {
      "modelVersion" : {
        "major" : 0,
        "minor" : 0
      },
      "repoInfo" : {
        "repoHandle" : "000QJ10B00000000001P"
      },
      "contextAttributes" : null,
      "additionalInfo" : {
        "description" : null,
        "contentType" : "JSON",
        "documentState" : "VALID"
      }
    },
    "path" : "/SYS"
  } ]
}