{
  "objectInfo" : {
    "id" : "dXYyVizXReOiyXcbAEUH60",
    "name" : "2CONN-SC-IC-REST-API-1",
    "type" : "AI_CONNECTION",
    "metadata" : {
      "modelVersion" : {
        "major" : 1,
        "minor" : 0
      },
      "repoInfo" : {
        "repoHandle" : "yhBWJgki8MZgpDq-gt-4437882-2016-07-25T15:05:27.401Z::conn.xml"
      },
      "contextAttributes" : null,
      "additionalInfo" : {
        "description" : "",
        "contentType" : "application/json; charset=utf-8",
        "documentState" : "VALID"
      }
    }
  },
  "dataFileExtension" : "xml",
  "objectRefs" : [ ]
}