{
  "objectInfo" : {
    "id" : "ilvxuDRtLkGfe77Qi65s4V",
    "name" : "AcadiaPolicyTest",
    "type" : "AI_SERVICE_CONNECTOR",
    "metadata" : {
      "modelVersion" : {
        "major" : 1,
        "minor" : 0
      },
      "repoInfo" : {
        "repoHandle" : "ZVNKVlDjAqQHhwq-gt-148898-2014-12-22T16:23:42.823Z::svc.xml"
      },
      "contextAttributes" : null,
      "additionalInfo" : {
        "description" : "",
        "contentType" : "application/json; charset=utf-8",
        "documentState" : "VALID"
      }
    }
  },
  "dataFileExtension" : "xml",
  "objectRefs" : [ ]
}