{
  "objectInfo" : {
    "id" : "7einaLaRaAll53lAwfP6eZ",
    "name" : "AccountAggregate",
    "type" : "PROCESS_OBJECT",
    "metadata" : {
      "modelVersion" : {
        "major" : 1,
        "minor" : 0
      },
      "repoInfo" : {
        "repoHandle" : "wQtzbdtqSLlBWlD-gt-3961205-2016-01-19T22:26:59.356Z::po.xml"
      },
      "contextAttributes" : null,
      "additionalInfo" : {
        "description" : "Data transfer object with Account in root",
        "contentType" : "application/json; charset=utf-8",
        "documentState" : "VALID"
      }
    }
  },
  "dataFileExtension" : "xml",
  "objectRefs" : [ ]
}