{
  "objectInfo" : {
    "id" : "14nekCKgUkHeoEAKLE7twd",
    "name" : "AccountICRTBuket",
    "type" : "PROCESS",
    "metadata" : {
      "modelVersion" : {
        "major" : 1,
        "minor" : 0
      },
      "repoInfo" : {
        "repoHandle" : "fSEGrZVNKVlDjAq-gt-49317-2016-06-27T23:43:17.08Z::pd.xml"
      },
      "contextAttributes" : null,
      "additionalInfo" : {
        "description" : "",
        "contentType" : "application/json; charset=utf-8",
        "documentState" : "VALID"
      }
    }
  },
  "dataFileExtension" : "xml",
  "objectRefs" : [ ]
}