{
  "objectInfo" : {
    "id" : "4oTyN5wOUBRcbXcGeJrVwV",
    "name" : "AccountPO",
    "type" : "PROCESS_OBJECT",
    "metadata" : {
      "modelVersion" : {
        "major" : 1,
        "minor" : 0
      },
      "repoInfo" : {
        "repoHandle" : "St0N0Qqi7EkWoKe-gt-372031-2016-02-08T18:34:10.723Z::po.xml"
      },
      "contextAttributes" : null,
      "additionalInfo" : {
        "description" : "",
        "contentType" : "application/json; charset=utf-8",
        "documentState" : "VALID"
      }
    }
  },
  "dataFileExtension" : "xml",
  "objectRefs" : [ ]
}