{
  "objectInfo" : {
    "id" : "3cGWmPTRXuXgdacKtqI4yK",
    "name" : "AccountUpdOrgInfaIpsSpiOrg2",
    "type" : "PROCESS",
    "metadata" : {
      "modelVersion" : {
        "major" : 1,
        "minor" : 0
      },
      "repoInfo" : {
        "repoHandle" : "2pHALVYxWPQE8jI-gt-5392745-2016-07-06T00:58:12.867Z::pd.xml"
      },
      "contextAttributes" : null,
      "additionalInfo" : {
        "description" : "Test",
        "contentType" : "application/json; charset=utf-8",
        "documentState" : "VALID"
      }
    }
  },
  "dataFileExtension" : "xml",
  "objectRefs" : [ ]
}