{
  "objectInfo" : {
    "id" : "7FLRIEDfT6NdiLjQamQCk8",
    "name" : "AccountTest",
    "type" : "PROCESS",
    "metadata" : {
      "modelVersion" : {
        "major" : 1,
        "minor" : 0
      },
      "repoInfo" : {
        "repoHandle" : "TckgpbdoPVm5Y6t-gt-1021018-2015-03-26T16:30:47.728Z::pd.xml"
      },
      "contextAttributes" : null,
      "additionalInfo" : {
        "description" : "",
        "contentType" : "application/json; charset=utf-8",
        "documentState" : "VALID"
      }
    }
  },
  "dataFileExtension" : "xml",
  "objectRefs" : [ ]
}