{
  "objectInfo" : {
    "id" : "9cGdvTcSx2Ph2LARwFB7I8",
    "name" : "AccountUpdOrgInfaIpsSpi",
    "type" : "PROCESS",
    "metadata" : {
      "modelVersion" : {
        "major" : 1,
        "minor" : 0
      },
      "repoInfo" : {
        "repoHandle" : "COshBnJKoJBUhty-gt-323976-2016-07-05T16:03:11.465Z::pd.xml"
      },
      "contextAttributes" : null,
      "additionalInfo" : {
        "description" : "Test",
        "contentType" : "application/json; charset=utf-8",
        "documentState" : "VALID"
      }
    }
  },
  "dataFileExtension" : "xml",
  "objectRefs" : [ ]
}