{
  "objectInfo" : {
    "id" : "6Wi9awolPkKd3TOgs7CmuV",
    "name" : "ActiveMQJMSEnqueueAttachmentProcess",
    "type" : "PROCESS",
    "metadata" : {
      "modelVersion" : {
        "major" : 1,
        "minor" : 0
      },
      "repoInfo" : {
        "repoHandle" : "xnHwzZsMBw8jIw8-gt-10065125-2018-06-26T14:00:33.377Z::pd.xml"
      },
      "contextAttributes" : null,
      "additionalInfo" : {
        "description" : "",
        "contentType" : "application/json; charset=utf-8",
        "documentState" : "VALID"
      }
    }
  },
  "dataFileExtension" : "xml",
  "objectRefs" : [ {
    "id" : "9nyvHMCW84CcgXzOUTXDWu",
    "name" : "jjudy-getPDFAttachmentProcess",
    "type" : "PROCESS",
    "metadata" : {
      "modelVersion" : {
        "major" : 1,
        "minor" : 0
      },
      "repoInfo" : {
        "repoHandle" : "KSmvD4teIssjqlu-gt-4406513-2018-06-21T15:26:25.589Z::pd.xml"
      },
      "contextAttributes" : null,
      "additionalInfo" : {
        "description" : "sample for returning application/pdf as sole response via Attachment",
        "contentType" : "application/json; charset=utf-8",
        "documentState" : "VALID"
      }
    },
    "path" : "/Explore/Default"
  }, {
    "id" : "3VvFDmV7dWmdTmdP51mU2v",
    "name" : "ActiveMQAttachmentPO",
    "type" : "PROCESS_OBJECT",
    "metadata" : {
      "modelVersion" : {
        "major" : 1,
        "minor" : 0
      },
      "repoInfo" : {
        "repoHandle" : "5raaaaaa-gt-10115379-2018-06-26T14:19:26.907Z::po.xml"
      },
      "contextAttributes" : null,
      "additionalInfo" : {
        "description" : "My PO for JMS",
        "contentType" : "application/json; charset=utf-8",
        "documentState" : "INVALID"
      }
    },
    "path" : "/Explore/Default"
  } ]
}