{
  "objectInfo" : {
    "id" : "hcZBDr3g7UskgcIHaAvnsu",
    "name" : "ActiveMQJMSProcess",
    "type" : "PROCESS",
    "metadata" : {
      "modelVersion" : {
        "major" : 1,
        "minor" : 0
      },
      "repoInfo" : {
        "repoHandle" : "2YNmumf6S3wOLIF-gt-305636-2016-09-26T16:02:35.859Z::pd.xml"
      },
      "contextAttributes" : null,
      "additionalInfo" : {
        "description" : "",
        "contentType" : "application/json; charset=utf-8",
        "documentState" : "VALID"
      }
    }
  },
  "dataFileExtension" : "xml",
  "objectRefs" : [ ]
}