{
  "objectInfo" : {
    "id" : "75g6HWOqdXAhVC1iHRtyqu",
    "name" : "ActiveMQJMSDetopicProcess",
    "type" : "PROCESS",
    "metadata" : {
      "modelVersion" : {
        "major" : 1,
        "minor" : 0
      },
      "repoInfo" : {
        "repoHandle" : "YZ06NYcmYsGuDoW-gt-10990284-2018-06-26T18:05:15.817Z::pd.xml"
      },
      "contextAttributes" : null,
      "additionalInfo" : {
        "description" : "",
        "contentType" : "application/json; charset=utf-8",
        "documentState" : "VALID"
      }
    }
  },
  "dataFileExtension" : "xml",
  "objectRefs" : [ {
    "id" : "5QRUv6NxHAsdfbb0qkmNwY",
    "name" : "ActiveMQPO",
    "type" : "PROCESS_OBJECT",
    "metadata" : {
      "modelVersion" : {
        "major" : 1,
        "minor" : 0
      },
      "repoInfo" : {
        "repoHandle" : "UZaaaa-gt-306279-2016-09-26T16:02:53.747Z::po.xml"
      },
      "contextAttributes" : null,
      "additionalInfo" : {
        "description" : "My PO for JMS",
        "contentType" : "application/json; charset=utf-8",
        "documentState" : "VALID"
      }
    },
    "path" : "/Explore/Default"
  } ]
}