{
  "objectInfo" : {
    "id" : "3VvFDmV7dWmdTmdP51mU2v",
    "name" : "ActiveMQAttachmentPO",
    "type" : "PROCESS_OBJECT",
    "metadata" : {
      "modelVersion" : {
        "major" : 1,
        "minor" : 0
      },
      "repoInfo" : {
        "repoHandle" : "5raaaaaa-gt-10115379-2018-06-26T14:19:26.907Z::po.xml"
      },
      "contextAttributes" : null,
      "additionalInfo" : {
        "description" : "My PO for JMS",
        "contentType" : "application/json; charset=utf-8",
        "documentState" : "INVALID"
      }
    }
  },
  "dataFileExtension" : "xml",
  "objectRefs" : [ ]
}