{
  "objectInfo" : {
    "id" : "6geIHPOOvPFhfUSTVBNgA6",
    "name" : "AD-TH-AllScriptsPM-json",
    "type" : "AI_SERVICE_CONNECTOR",
    "metadata" : {
      "modelVersion" : {
        "major" : 1,
        "minor" : 0
      },
      "repoInfo" : {
        "repoHandle" : "J7tu2SHCwkNmumf-gt-286440-2015-04-09T18:26:19.565Z::svc.xml"
      },
      "contextAttributes" : null,
      "additionalInfo" : {
        "description" : "To AllScripts PM system via Unity JSON API (uses Think Health creds - please check before reusing)",
        "contentType" : "application/json; charset=utf-8",
        "documentState" : "VALID"
      }
    }
  },
  "dataFileExtension" : "xml",
  "objectRefs" : [ ]
}