{
  "objectInfo" : {
    "id" : "gpisziM6IAMgZdGUfrOqcT",
    "name" : "AD-TH-AllScriptsPM-soap",
    "type" : "AI_SERVICE_CONNECTOR",
    "metadata" : {
      "modelVersion" : {
        "major" : 1,
        "minor" : 0
      },
      "repoInfo" : {
        "repoHandle" : "ibf3TzAnOjseGbc-gt-286394-2015-04-09T18:25:03.914Z::svc.xml"
      },
      "contextAttributes" : null,
      "additionalInfo" : {
        "description" : "To AllScripts PM system via Unity Web Services API (uses Think Health creds - please check before reusing)",
        "contentType" : "application/json; charset=utf-8",
        "documentState" : "VALID"
      }
    }
  },
  "dataFileExtension" : "xml",
  "objectRefs" : [ ]
}