{
  "objectInfo" : {
    "id" : "k56ZgQ00DGnluNMLFyhF44",
    "name" : "AD-TH-AllScriptsPM-json2",
    "type" : "AI_SERVICE_CONNECTOR",
    "metadata" : {
      "modelVersion" : {
        "major" : 1,
        "minor" : 0
      },
      "repoInfo" : {
        "repoHandle" : "sLaa-gt-308951-2015-04-09T22:40:51.293Z::svc.xml"
      },
      "contextAttributes" : null,
      "additionalInfo" : {
        "description" : "To AllScripts PM system via Unity JSON API (uses Think Health creds - please check before reusing)",
        "contentType" : "application/json; charset=utf-8",
        "documentState" : "VALID"
      }
    }
  },
  "dataFileExtension" : "xml",
  "objectRefs" : [ ]
}