{
  "objectInfo" : {
    "id" : "cnYfDA409wjgD9a3xKSagv",
    "name" : "AD_AccountLoad",
    "type" : "DSS",
    "metadata" : {
      "modelVersion" : {
        "major" : 0,
        "minor" : 0
      },
      "repoInfo" : {
        "repoHandle" : "000QJ10I00000000000T"
      },
      "contextAttributes" : [ {
        "name" : "id",
        "value" : "@1"
      } ],
      "additionalInfo" : {
        "description" : "",
        "contentType" : "JSON",
        "documentState" : "VALID"
      }
    }
  },
  "dataFileExtension" : "zip",
  "objectRefs" : [ {
    "id" : "59wysxx6oh9hEgQyFSITsI",
    "name" : "AD_LocalCSVFiles",
    "type" : "Connection",
    "metadata" : {
      "modelVersion" : {
        "major" : 0,
        "minor" : 0
      },
      "repoInfo" : {
        "repoHandle" : "000QJ10B00000000000M"
      },
      "contextAttributes" : null,
      "additionalInfo" : {
        "description" : "AD_LocalCSVFiles",
        "contentType" : "JSON",
        "documentState" : "VALID"
      }
    },
    "path" : "/SYS"
  }, {
    "id" : "cAdytKgvlw8e6EE3bINTM8",
    "name" : "AD_SFDC_Connection",
    "type" : "Connection",
    "metadata" : {
      "modelVersion" : {
        "major" : 0,
        "minor" : 0
      },
      "repoInfo" : {
        "repoHandle" : "000QJ10B00000000000L"
      },
      "contextAttributes" : null,
      "additionalInfo" : {
        "description" : "AD_SFDC_Connection",
        "contentType" : "JSON",
        "documentState" : "VALID"
      }
    },
    "path" : "/SYS"
  } ]
}