{
  "objectInfo" : {
    "id" : "6I3CiEhjlEEhXWLCgjFPO5",
    "name" : "Add Lead to Campaign",
    "type" : "GUIDE",
    "metadata" : {
      "modelVersion" : {
        "major" : 1,
        "minor" : 0
      },
      "repoInfo" : {
        "repoHandle" : "O47EkWoKeERhKGX-gt-570393-2016-01-24T06:30:50.647Z::gt.xml"
      },
      "contextAttributes" : null,
      "additionalInfo" : {
        "description" : "This guide will add a Lead to a campaign",
        "contentType" : "application/json; charset=utf-8",
        "documentState" : "VALID"
      }
    }
  },
  "dataFileExtension" : "xml",
  "objectRefs" : [ ]
}