{
  "objectInfo" : {
    "id" : "3yzaXrlkdYSj90nKMFS6wp",
    "name" : "Add Products to Opportunity Readme",
    "type" : "GUIDE",
    "metadata" : {
      "modelVersion" : {
        "major" : 1,
        "minor" : 0
      },
      "repoInfo" : {
        "repoHandle" : "aa-gt-568314-2016-01-24T02:13:36.003Z::gt.xml"
      },
      "contextAttributes" : null,
      "additionalInfo" : {
        "description" : "This guide describes the necessary setup required to run the Add Lead to Campaign guide.",
        "contentType" : "application/json; charset=utf-8",
        "documentState" : "VALID"
      }
    }
  },
  "dataFileExtension" : "xml",
  "objectRefs" : [ ]
}