{
  "objectInfo" : {
    "id" : "lzXSvzJeeWXfmNbt2k3922",
    "name" : "Add Products to Opportunity",
    "type" : "GUIDE",
    "metadata" : {
      "modelVersion" : {
        "major" : 1,
        "minor" : 0
      },
      "repoInfo" : {
        "repoHandle" : "UwJRxZsEi4tciSr-gt-568308-2016-01-24T02:13:35.744Z::gt.xml"
      },
      "contextAttributes" : null,
      "additionalInfo" : {
        "description" : "This guide will add products to an opportunity.  If the opportunity already has products added it will use the current price book, otherwise the guide will prompt the user to select a price book.",
        "contentType" : "application/json; charset=utf-8",
        "documentState" : "VALID"
      }
    }
  },
  "dataFileExtension" : "xml",
  "objectRefs" : [ ]
}