{
  "objectInfo" : {
    "id" : "7CTSQxs0TtEfDNh66C5D2i",
    "name" : "AddressContact",
    "type" : "PROCESS_OBJECT",
    "metadata" : {
      "modelVersion" : {
        "major" : 1,
        "minor" : 0
      },
      "repoInfo" : {
        "repoHandle" : "4nP31abck0Kn7wp-gt-7334675-2017-03-16T15:29:48.901Z::po.xml"
      },
      "contextAttributes" : null,
      "additionalInfo" : {
        "description" : "AddressContact",
        "contentType" : "application/json; charset=utf-8",
        "documentState" : "VALID"
      }
    }
  },
  "dataFileExtension" : "xml",
  "objectRefs" : [ ]
}