{
  "objectInfo" : {
    "id" : "4NjO2zuuOSViWVSiWYlTwr",
    "name" : "Add Lead to Campaign Readme",
    "type" : "GUIDE",
    "metadata" : {
      "modelVersion" : {
        "major" : 1,
        "minor" : 0
      },
      "repoInfo" : {
        "repoHandle" : "VSdt9OQcjoYsjql-gt-570399-2016-01-24T06:30:50.766Z::gt.xml"
      },
      "contextAttributes" : null,
      "additionalInfo" : {
        "description" : "This guide describes the necessary setup required to run the Add Lead to Campaign guide.",
        "contentType" : "application/json; charset=utf-8",
        "documentState" : "VALID"
      }
    }
  },
  "dataFileExtension" : "xml",
  "objectRefs" : [ ]
}