{
  "objectInfo" : {
    "id" : "6LWMYxFX9c4j2hQWcu6FwL",
    "name" : "Address",
    "type" : "PROCESS_OBJECT",
    "metadata" : {
      "modelVersion" : {
        "major" : 1,
        "minor" : 0
      },
      "repoInfo" : {
        "repoHandle" : "dxbdypKwKBqRi92-gt-149382-2014-12-22T16:23:59.061Z::po.xml"
      },
      "contextAttributes" : null,
      "additionalInfo" : {
        "description" : "Address",
        "contentType" : "application/json; charset=utf-8",
        "documentState" : "VALID"
      }
    }
  },
  "dataFileExtension" : "xml",
  "objectRefs" : [ ]
}