{
  "objectInfo" : {
    "id" : "0EvEHC6IDoDffOKi8RknYX",
    "name" : "ADMsDynamics",
    "type" : "AI_SERVICE_CONNECTOR",
    "metadata" : {
      "modelVersion" : {
        "major" : 1,
        "minor" : 0
      },
      "repoInfo" : {
        "repoHandle" : "1DOp7jvpppppppp-gt-7608187-2015-10-07T03:51:17.839Z::svc.xml"
      },
      "contextAttributes" : null,
      "additionalInfo" : {
        "description" : "Version 1",
        "contentType" : "application/json; charset=utf-8",
        "documentState" : "VALID"
      }
    }
  },
  "dataFileExtension" : "xml",
  "objectRefs" : [ ]
}