{
  "objectInfo" : {
    "id" : "4Ljt1ChwSWYbE0M7FVjRA9",
    "name" : "AdminAPISvcCn",
    "type" : "AI_SERVICE_CONNECTOR",
    "metadata" : {
      "modelVersion" : {
        "major" : 1,
        "minor" : 0
      },
      "repoInfo" : {
        "repoHandle" : "uhEuHWvJ4rswVYx-gt-2543881-2015-11-04T15:53:19.333Z::svc.xml"
      },
      "contextAttributes" : null,
      "additionalInfo" : {
        "description" : "",
        "contentType" : "application/json; charset=utf-8",
        "documentState" : "VALID"
      }
    }
  },
  "dataFileExtension" : "xml",
  "objectRefs" : [ ]
}