{
  "objectInfo" : {
    "id" : "3x95Bp55GiDlVFcOFuyN8w",
    "name" : "ADTryOut",
    "type" : "PROCESS",
    "metadata" : {
      "modelVersion" : {
        "major" : 1,
        "minor" : 0
      },
      "repoInfo" : {
        "repoHandle" : "lJjx9AWbg0ZkL0j-gt-1299966-2015-10-10T21:11:18.189Z::pd.xml"
      },
      "contextAttributes" : null,
      "additionalInfo" : {
        "description" : "",
        "contentType" : "application/json; charset=utf-8",
        "documentState" : "VALID"
      }
    }
  },
  "dataFileExtension" : "xml",
  "objectRefs" : [ {
    "id" : "42M7KoVnvoMe09ySXoB2oL",
    "name" : "ADMSDynamicsConn",
    "type" : "AI_CONNECTION",
    "metadata" : {
      "modelVersion" : {
        "major" : 1,
        "minor" : 0
      },
      "repoInfo" : {
        "repoHandle" : "54BsoZduD2L5SeE-gt-1298178-2015-10-10T21:00:09.05Z::conn.xml"
      },
      "contextAttributes" : null,
      "additionalInfo" : {
        "description" : "",
        "contentType" : "application/json; charset=utf-8",
        "documentState" : "INVALID"
      }
    },
    "path" : "/Explore/Default"
  } ]
}