{
  "objectInfo" : {
    "id" : "3rq5vafT6Mee57Wkx3LAm8",
    "name" : "After Meeting",
    "type" : "GUIDE",
    "metadata" : {
      "modelVersion" : {
        "major" : 1,
        "minor" : 0
      },
      "repoInfo" : {
        "repoHandle" : "eFZbds8NTYglxbd-gt31318272-2014-08-21T21:13:46.07Z::gt.xml"
      },
      "contextAttributes" : null,
      "additionalInfo" : {
        "description" : "",
        "contentType" : "application/json; charset=utf-8",
        "documentState" : "VALID"
      }
    }
  },
  "dataFileExtension" : "xml",
  "objectRefs" : [ ]
}