{
  "objectInfo" : {
    "id" : "1wBDAk14rWUlxtnEjY2RGZ",
    "name" : "After Meeting with Contact",
    "type" : "GUIDE",
    "metadata" : {
      "modelVersion" : {
        "major" : 1,
        "minor" : 0
      },
      "repoInfo" : {
        "repoHandle" : "QWu8zbgdwUiQLnz-gt31319296-2014-08-21T21:13:46.69Z::gt.xml"
      },
      "contextAttributes" : null,
      "additionalInfo" : {
        "description" : "Find a contact that you met with and run the post-meeting wizard on them.",
        "contentType" : "application/json; charset=utf-8",
        "documentState" : "VALID"
      }
    }
  },
  "dataFileExtension" : "xml",
  "objectRefs" : [ ]
}