{
  "objectInfo" : {
    "id" : "9gIRGQNK9DZbAEskmU9t6t",
    "name" : "After Meeting (Event)",
    "type" : "GUIDE",
    "metadata" : {
      "modelVersion" : {
        "major" : 1,
        "minor" : 0
      },
      "repoInfo" : {
        "repoHandle" : "Xxpr1Iw8jIw8jIw-gt31320960-2014-08-21T21:13:47.796Z::gt.xml"
      },
      "contextAttributes" : null,
      "additionalInfo" : {
        "description" : "",
        "contentType" : "application/json; charset=utf-8",
        "documentState" : "VALID"
      }
    }
  },
  "dataFileExtension" : "xml",
  "objectRefs" : [ ]
}