{
  "objectInfo" : {
    "id" : "7JPJy4K61wdkIieWhIvkW2",
    "name" : "After Meeting Update Opportunity Mobile",
    "type" : "GUIDE",
    "metadata" : {
      "modelVersion" : {
        "major" : 1,
        "minor" : 0
      },
      "repoInfo" : {
        "repoHandle" : "zI1dq2ME9paabdq-gt31318784-2014-08-21T21:13:46.419Z::gt.xml"
      },
      "contextAttributes" : null,
      "additionalInfo" : {
        "description" : "Update an opportunity that was talked about in a sales meeting with the Contact that is passed in.",
        "contentType" : "application/json; charset=utf-8",
        "documentState" : "VALID"
      }
    }
  },
  "dataFileExtension" : "xml",
  "objectRefs" : [ ]
}