{
  "objectInfo" : {
    "id" : "kTbIUEc9aA1jrDwvUbnA0O",
    "name" : "Archived Siebel Orders",
    "type" : "GUIDE",
    "metadata" : {
      "modelVersion" : {
        "major" : 1,
        "minor" : 0
      },
      "repoInfo" : {
        "repoHandle" : "sDaaabdvhxiQLnz-gt-149182-2014-12-22T16:23:53.291Z::gt.xml"
      },
      "contextAttributes" : null,
      "additionalInfo" : {
        "description" : "Archived Siebel Orders in Data Vault",
        "contentType" : "application/json; charset=utf-8",
        "documentState" : "VALID"
      }
    }
  },
  "dataFileExtension" : "xml",
  "objectRefs" : [ ]
}