{
  "objectInfo" : {
    "id" : "i4IZQYBVdE2iZ7Xvp3IfSe",
    "name" : "Archived Siebel orders for customer",
    "type" : "GUIDE",
    "metadata" : {
      "modelVersion" : {
        "major" : 1,
        "minor" : 0
      },
      "repoInfo" : {
        "repoHandle" : "UlxsnCmp6oIuQaa-gt-149408-2014-12-22T16:23:59.756Z::gt.xml"
      },
      "contextAttributes" : null,
      "additionalInfo" : {
        "description" : "Retrieve archived Siebel orders for customer",
        "contentType" : "application/json; charset=utf-8",
        "documentState" : "VALID"
      }
    }
  },
  "dataFileExtension" : "xml",
  "objectRefs" : [ ]
}