{
  "objectInfo" : {
    "id" : "kXUcbyPykuviFUfEAGvZav",
    "name" : "Archived Siebel Orders.",
    "type" : "GUIDE",
    "metadata" : {
      "modelVersion" : {
        "major" : 1,
        "minor" : 0
      },
      "repoInfo" : {
        "repoHandle" : "hvq9aabds8NTYgl-gt-149248-2014-12-22T16:23:55.116Z::gt.xml"
      },
      "contextAttributes" : null,
      "additionalInfo" : {
        "description" : "Archived Siebel Orders from Data Vault",
        "contentType" : "application/json; charset=utf-8",
        "documentState" : "VALID"
      }
    }
  },
  "dataFileExtension" : "xml",
  "objectRefs" : [ ]
}