{
  "objectInfo" : {
    "id" : "559TiKDYUgohY8LwTRS1a7",
    "name" : "ArrayObject",
    "type" : "PROCESS_OBJECT",
    "metadata" : {
      "modelVersion" : {
        "major" : 1,
        "minor" : 0
      },
      "repoInfo" : {
        "repoHandle" : "0RbeMVX3cjk91pq-gt-612333-2015-03-17T15:05:05.998Z::po.xml"
      },
      "contextAttributes" : null,
      "additionalInfo" : {
        "description" : "",
        "contentType" : "application/json; charset=utf-8",
        "documentState" : "VALID"
      }
    }
  },
  "dataFileExtension" : "xml",
  "objectRefs" : [ ]
}