{
  "objectInfo" : {
    "id" : "kiaVrghgYItdh2HciBplAM",
    "name" : "AssertMDMProcess",
    "type" : "PROCESS",
    "metadata" : {
      "modelVersion" : {
        "major" : 1,
        "minor" : 0
      },
      "repoInfo" : {
        "repoHandle" : "36I1dq2ME9paabd-gt-6095141-2017-03-14T19:17:16.877Z::pd.xml"
      },
      "contextAttributes" : null,
      "additionalInfo" : {
        "description" : "",
        "contentType" : "application/json; charset=utf-8",
        "documentState" : "VALID"
      }
    }
  },
  "dataFileExtension" : "xml",
  "objectRefs" : [ ]
}