{
  "objectInfo" : {
    "id" : "3VKAOejOhNBd8JYvU1kI26",
    "name" : "Astadia Guide",
    "type" : "GUIDE",
    "metadata" : {
      "modelVersion" : {
        "major" : 1,
        "minor" : 0
      },
      "repoInfo" : {
        "repoHandle" : "67FNBeNTYglxbdy-gt-1180122-2015-01-22T16:14:13.927Z::gt.xml"
      },
      "contextAttributes" : null,
      "additionalInfo" : {
        "description" : "test",
        "contentType" : "application/json; charset=utf-8",
        "documentState" : "VALID"
      }
    }
  },
  "dataFileExtension" : "xml",
  "objectRefs" : [ ]
}