{
  "objectInfo" : {
    "id" : "cgElou03m6Zg4Bl9CvVdaw",
    "name" : "AstadiaAgencies",
    "type" : "AI_SERVICE_CONNECTOR",
    "metadata" : {
      "modelVersion" : {
        "major" : 1,
        "minor" : 0
      },
      "repoInfo" : {
        "repoHandle" : "XnVqSLlBWlD2pHA-gt-1180118-2015-01-22T16:14:13.795Z::svc.xml"
      },
      "contextAttributes" : null,
      "additionalInfo" : {
        "description" : "",
        "contentType" : "application/json; charset=utf-8",
        "documentState" : "VALID"
      }
    }
  },
  "dataFileExtension" : "xml",
  "objectRefs" : [ ]
}