{
  "objectInfo" : {
    "id" : "3117nOUcoSNh9GOtxQkuKC",
    "name" : "AttachmentLineItem",
    "type" : "PROCESS_OBJECT",
    "metadata" : {
      "modelVersion" : {
        "major" : 1,
        "minor" : 0
      },
      "repoInfo" : {
        "repoHandle" : "K1g7Gaaa-gt-2977886-2018-06-20T18:08:48.581Z::po.xml"
      },
      "contextAttributes" : null,
      "additionalInfo" : {
        "description" : "",
        "contentType" : "application/json; charset=utf-8",
        "documentState" : "VALID"
      }
    }
  },
  "dataFileExtension" : "xml",
  "objectRefs" : [ ]
}