{
  "objectInfo" : {
    "id" : "0nmUkM0CiegdEbj5dyejmR",
    "name" : "AttachmentArray",
    "type" : "PROCESS_OBJECT",
    "metadata" : {
      "modelVersion" : {
        "major" : 1,
        "minor" : 0
      },
      "repoInfo" : {
        "repoHandle" : "y0zFMi4tciSrZMS-gt-2980058-2018-06-20T18:09:38.399Z::po.xml"
      },
      "contextAttributes" : null,
      "additionalInfo" : {
        "description" : "",
        "contentType" : "application/json; charset=utf-8",
        "documentState" : "VALID"
      }
    }
  },
  "dataFileExtension" : "xml",
  "objectRefs" : [ ]
}