{
  "objectInfo" : {
    "id" : "43BhoraPUAzg7frbOPFJU7",
    "name" : "Attachment",
    "type" : "PROCESS_OBJECT",
    "metadata" : {
      "modelVersion" : {
        "major" : 1,
        "minor" : 0
      },
      "repoInfo" : {
        "repoHandle" : "q9dwMbgbdoPVm5Y-gt-1732833-2015-10-12T21:42:08.126Z::po.xml"
      },
      "contextAttributes" : null,
      "additionalInfo" : {
        "description" : "",
        "contentType" : "application/json; charset=utf-8",
        "documentState" : "VALID"
      }
    }
  },
  "dataFileExtension" : "xml",
  "objectRefs" : [ ]
}