{
  "objectInfo" : {
    "id" : "2p3I4xo1UD9hBr9ZN97pka",
    "name" : "Authorize Box.com access",
    "type" : "GUIDE",
    "metadata" : {
      "modelVersion" : {
        "major" : 1,
        "minor" : 0
      },
      "repoInfo" : {
        "repoHandle" : "HeHufWC64Ky2uI5-gt-148990-2014-12-22T16:23:45.539Z::gt.xml"
      },
      "contextAttributes" : null,
      "additionalInfo" : {
        "description" : "",
        "contentType" : "application/json; charset=utf-8",
        "documentState" : "VALID"
      }
    }
  },
  "dataFileExtension" : "xml",
  "objectRefs" : [ ]
}