{
  "objectInfo" : {
    "id" : "efgeBayDL4AbOCrnfjFSGa",
    "name" : "Authorize With OAuth2",
    "type" : "GUIDE",
    "metadata" : {
      "modelVersion" : {
        "major" : 1,
        "minor" : 0
      },
      "repoInfo" : {
        "repoHandle" : "E6WdyH72yIYmWR7-gt-149118-2014-12-22T16:23:51.489Z::gt.xml"
      },
      "contextAttributes" : null,
      "additionalInfo" : {
        "description" : "",
        "contentType" : "application/json; charset=utf-8",
        "documentState" : "VALID"
      }
    }
  },
  "dataFileExtension" : "xml",
  "objectRefs" : [ ]
}