{
  "objectInfo" : {
    "id" : "5YWkJVNqjqgdXYMDS53DsE",
    "name" : "AWS",
    "type" : "AI_CONNECTION",
    "metadata" : {
      "modelVersion" : {
        "major" : 1,
        "minor" : 0
      },
      "repoInfo" : {
        "repoHandle" : "sVYx8R8WrY1Sypm-gt-535241-2015-03-16T03:25:29.6Z::conn.xml"
      },
      "contextAttributes" : null,
      "additionalInfo" : {
        "description" : "Amazon Web Services",
        "contentType" : "application/json; charset=utf-8",
        "documentState" : "VALID"
      }
    }
  },
  "dataFileExtension" : "xml",
  "objectRefs" : [ {
    "id" : "dTSjg59zpaHgoxOMrrvPWm",
    "name" : "Aws",
    "type" : "AI_SERVICE_CONNECTOR",
    "metadata" : {
      "modelVersion" : {
        "major" : 1,
        "minor" : 0
      },
      "repoInfo" : {
        "repoHandle" : "48beAzu2JQhtGci-gt-535224-2015-03-16T03:25:15.894Z::svc.xml"
      },
      "contextAttributes" : null,
      "additionalInfo" : {
        "description" : "Mail and other actions from Amazon Web Services.",
        "contentType" : "application/json; charset=utf-8",
        "documentState" : "INVALID"
      }
    },
    "path" : "/Explore/Default"
  } ]
}