{
  "objectInfo" : {
    "id" : "6g9N3uJPZtrlrj4k3XPfg6",
    "name" : "Aws-1",
    "type" : "AI_SERVICE_CONNECTOR",
    "metadata" : {
      "modelVersion" : {
        "major" : 1,
        "minor" : 0
      },
      "repoInfo" : {
        "repoHandle" : "bcgp5OjG4abck0K-gt-17292724-2017-07-11T14:31:49.018Z::svc.xml"
      },
      "contextAttributes" : null,
      "additionalInfo" : {
        "description" : "Mail and other actions from Amazon Web Services.",
        "contentType" : "application/json; charset=utf-8",
        "documentState" : "VALID"
      }
    }
  },
  "dataFileExtension" : "xml",
  "objectRefs" : [ ]
}