{
  "objectInfo" : {
    "id" : "4ZDpSeNQ8CFk742DKFgYgO",
    "name" : "BA-Weather Business Service",
    "type" : "BSERVICE",
    "metadata" : {
      "modelVersion" : {
        "major" : 0,
        "minor" : 0
      },
      "repoInfo" : {
        "repoHandle" : "000QJ127000000000004"
      },
      "contextAttributes" : [ {
        "name" : "id",
        "value" : "@1"
      }, {
        "name" : "000QJ128000000000006",
        "value" : "4ZDpSeNQ8CFk742DKFgYgO@GetWeather"
      } ],
      "additionalInfo" : {
        "description" : "",
        "contentType" : "JSON",
        "documentState" : "VALID"
      }
    }
  },
  "dataFileExtension" : "zip",
  "objectRefs" : [ {
    "id" : "4l09o8bX64mcotqmmk8Wey",
    "name" : "BA-Weather Web Service",
    "type" : "Connection",
    "metadata" : {
      "modelVersion" : {
        "major" : 0,
        "minor" : 0
      },
      "repoInfo" : {
        "repoHandle" : "000QJ10B00000000001A"
      },
      "contextAttributes" : null,
      "additionalInfo" : {
        "description" : null,
        "contentType" : "JSON",
        "documentState" : "VALID"
      }
    },
    "path" : "/SYS"
  } ]
}