{
  "objectInfo" : {
    "id" : "hAE2xIDkBaHdV36GD5Y3gO",
    "name" : "Backup of PurchaseParts",
    "type" : "PROCESS",
    "metadata" : {
      "modelVersion" : {
        "major" : 1,
        "minor" : 0
      },
      "repoInfo" : {
        "repoHandle" : "LFu8zbgdwUiQLnz-gt-149498-2014-12-22T16:24:02.561Z::pd.xml"
      },
      "contextAttributes" : null,
      "additionalInfo" : {
        "description" : "Create a new opportunity for buying parts",
        "contentType" : "application/json; charset=utf-8",
        "documentState" : "VALID"
      }
    }
  },
  "dataFileExtension" : "xml",
  "objectRefs" : [ ]
}