{
  "objectInfo" : {
    "id" : "0ViTASIhXuqeyopmT10wEd",
    "name" : "Barry Update Consultant",
    "type" : "PROCESS",
    "metadata" : {
      "modelVersion" : {
        "major" : 1,
        "minor" : 0
      },
      "repoInfo" : {
        "repoHandle" : "4BsoZduD2L5SeE1-gt-122100-2015-02-12T19:59:17.902Z::pd.xml"
      },
      "contextAttributes" : null,
      "additionalInfo" : {
        "description" : "Updates Consultant Profile to Oracle",
        "contentType" : "application/json; charset=utf-8",
        "documentState" : "VALID"
      }
    }
  },
  "dataFileExtension" : "xml",
  "objectRefs" : [ ]
}