{
  "objectInfo" : {
    "id" : "7UJWLr59gene2bCkQMREAo",
    "name" : "Base64Encode",
    "type" : "PROCESS",
    "metadata" : {
      "modelVersion" : {
        "major" : 1,
        "minor" : 0
      },
      "repoInfo" : {
        "repoHandle" : "HCwkNmumf6S3wOL-gt-2581648-2015-11-13T20:35:03.953Z::pd.xml"
      },
      "contextAttributes" : null,
      "additionalInfo" : {
        "description" : "",
        "contentType" : "application/json; charset=utf-8",
        "documentState" : "VALID"
      }
    }
  },
  "dataFileExtension" : "xml",
  "objectRefs" : [ ]
}