{
  "objectInfo" : {
    "id" : "a0IZnUXDvxafe2BK1bhTq5",
    "name" : "Basav-DS-demo-user",
    "type" : "AI_CONNECTION",
    "metadata" : {
      "modelVersion" : {
        "major" : 1,
        "minor" : 0
      },
      "repoInfo" : {
        "repoHandle" : "r8WrY1SypmXbeMV-gt29601536-2014-08-18T21:16:53.282Z::conn.xml"
      },
      "contextAttributes" : null,
      "additionalInfo" : {
        "description" : "",
        "contentType" : "application/json; charset=utf-8",
        "documentState" : "VALID"
      }
    }
  },
  "dataFileExtension" : "xml",
  "objectRefs" : [ ]
}