{
  "objectInfo" : {
    "id" : "9Cow3wGT7KfiZlS55MTiqN",
    "name" : "BasavYahooWeather",
    "type" : "AI_SERVICE_CONNECTOR",
    "metadata" : {
      "modelVersion" : {
        "major" : 1,
        "minor" : 0
      },
      "repoInfo" : {
        "repoHandle" : "2PKDC0hCHbf2XZP-gt29980672-2014-08-19T15:36:36.858Z::svc.xml"
      },
      "contextAttributes" : null,
      "additionalInfo" : {
        "description" : "",
        "contentType" : "application/json; charset=utf-8",
        "documentState" : "VALID"
      }
    }
  },
  "dataFileExtension" : "xml",
  "objectRefs" : [ ]
}