{
  "objectInfo" : {
    "id" : "hsf8D6y2oKzfPosb6iEQOD",
    "name" : "Basav-SF-Connection",
    "type" : "AI_CONNECTION",
    "metadata" : {
      "modelVersion" : {
        "major" : 1,
        "minor" : 0
      },
      "repoInfo" : {
        "repoHandle" : "HNf4TsrT2htghGZ-gt-40032-2015-04-02T16:19:33.535Z::conn.xml"
      },
      "contextAttributes" : null,
      "additionalInfo" : {
        "description" : "",
        "contentType" : "application/json; charset=utf-8",
        "documentState" : "VALID"
      }
    }
  },
  "dataFileExtension" : "xml",
  "objectRefs" : [ ]
}