{
  "objectInfo" : {
    "id" : "bxJDwXxQNy5cj6o55eGaYx",
    "name" : "BASalesforceSample",
    "type" : "PROCESS",
    "metadata" : {
      "modelVersion" : {
        "major" : 1,
        "minor" : 0
      },
      "repoInfo" : {
        "repoHandle" : "uEVZ4i61KoJBUht-gt31163520-2014-08-21T16:40:00.032Z::pd.xml"
      },
      "contextAttributes" : null,
      "additionalInfo" : {
        "description" : "",
        "contentType" : "application/json; charset=utf-8",
        "documentState" : "VALID"
      }
    }
  },
  "dataFileExtension" : "xml",
  "objectRefs" : [ ]
}