{
  "objectInfo" : {
    "id" : "9F3O5vEFQYHiw3zdrM1SOL",
    "name" : "Bhim-OracleDS",
    "type" : "AI_CONNECTION",
    "metadata" : {
      "modelVersion" : {
        "major" : 1,
        "minor" : 0
      },
      "repoInfo" : {
        "repoHandle" : "XRDwXtqdsQR6kbe-gt-4591-2014-09-04T21:19:56.798Z::conn.xml"
      },
      "contextAttributes" : null,
      "additionalInfo" : {
        "description" : "",
        "contentType" : "application/json; charset=utf-8",
        "documentState" : "VALID"
      }
    }
  },
  "dataFileExtension" : "xml",
  "objectRefs" : [ ]
}