{
  "objectInfo" : {
    "id" : "8vUCPR0A6meiEGuOATP7UJ",
    "name" : "Bhim-MultiTarget-Parameters",
    "type" : "DTEMPLATE",
    "metadata" : {
      "modelVersion" : {
        "major" : 0,
        "minor" : 0
      },
      "repoInfo" : {
        "repoHandle" : "000QJ117000000000003"
      },
      "contextAttributes" : [ {
        "name" : "id",
        "value" : "@1"
      } ],
      "additionalInfo" : {
        "description" : "Export Opportunities to Multiple Targets based on the probability",
        "contentType" : "JSON",
        "documentState" : "VALID"
      }
    }
  },
  "dataFileExtension" : "zip",
  "objectRefs" : [ {
    "id" : "lmekLPkkcGTddhIqF6WoEK",
    "name" : "BhimFFConnection",
    "type" : "Connection",
    "metadata" : {
      "modelVersion" : {
        "major" : 0,
        "minor" : 0
      },
      "repoInfo" : {
        "repoHandle" : "000QJ10B000000000005"
      },
      "contextAttributes" : null,
      "additionalInfo" : {
        "description" : "Flat Files Connection",
        "contentType" : "JSON",
        "documentState" : "VALID"
      }
    },
    "path" : "/SYS"
  } ]
}