{
  "objectInfo" : {
    "id" : "7XZ0T7QBFtGhhvZuefgNCc",
    "name" : "Bhim-OracleDS-Coke",
    "type" : "AI_CONNECTION",
    "metadata" : {
      "modelVersion" : {
        "major" : 1,
        "minor" : 0
      },
      "repoInfo" : {
        "repoHandle" : "dsreK8ZAZf5kck8-gt29545728-2014-08-18T20:24:31.055Z::conn.xml"
      },
      "contextAttributes" : null,
      "additionalInfo" : {
        "description" : "",
        "contentType" : "application/json; charset=utf-8",
        "documentState" : "VALID"
      }
    }
  },
  "dataFileExtension" : "xml",
  "objectRefs" : [ ]
}