{
  "objectInfo" : {
    "id" : "5nkMNQ2tXEFkTguHDaFT0i",
    "name" : "BhimOracleDemo",
    "type" : "AI_CONNECTION",
    "metadata" : {
      "modelVersion" : {
        "major" : 1,
        "minor" : 0
      },
      "repoInfo" : {
        "repoHandle" : "WrclvAhrswVYx8R-gt-7741-2014-11-04T22:21:11.789Z::conn.xml"
      },
      "contextAttributes" : null,
      "additionalInfo" : {
        "description" : "This is for the IPS demo",
        "contentType" : "application/json; charset=utf-8",
        "documentState" : "VALID"
      }
    }
  },
  "dataFileExtension" : "xml",
  "objectRefs" : [ ]
}