{
  "objectInfo" : {
    "id" : "58edueuMW2mkh5NA74Ykiw",
    "name" : "BMMsDynamics-1",
    "type" : "AI_SERVICE_CONNECTOR",
    "metadata" : {
      "modelVersion" : {
        "major" : 1,
        "minor" : 0
      },
      "repoInfo" : {
        "repoHandle" : "fTQbdxWq9bdsreK-gt-580493-2015-10-29T15:28:51.085Z::svc.xml"
      },
      "contextAttributes" : null,
      "additionalInfo" : {
        "description" : "Version 1",
        "contentType" : "application/json; charset=utf-8",
        "documentState" : "VALID"
      }
    }
  },
  "dataFileExtension" : "xml",
  "objectRefs" : [ ]
}