{
  "objectInfo" : {
    "id" : "dou8qJZRdCvl2ybxb4Gne8",
    "name" : "BoxFolderEntry",
    "type" : "PROCESS_OBJECT",
    "metadata" : {
      "modelVersion" : {
        "major" : 1,
        "minor" : 0
      },
      "repoInfo" : {
        "repoHandle" : "jFquUHukfRLdqcg-gt-149106-2014-12-22T16:23:51.158Z::po.xml"
      },
      "contextAttributes" : null,
      "additionalInfo" : {
        "description" : "",
        "contentType" : "application/json; charset=utf-8",
        "documentState" : "VALID"
      }
    }
  },
  "dataFileExtension" : "xml",
  "objectRefs" : [ ]
}