{
  "objectInfo" : {
    "id" : "5JrId0evVsCdDnCz77ueQi",
    "name" : "BWS-Olson-Logout",
    "type" : "PROCESS",
    "metadata" : {
      "modelVersion" : {
        "major" : 1,
        "minor" : 0
      },
      "repoInfo" : {
        "repoHandle" : "75FeN8jIw8jIw8j-gt-9058863-2017-05-30T14:26:44.948Z::pd.xml"
      },
      "contextAttributes" : null,
      "additionalInfo" : {
        "description" : "wrapper for session logout",
        "contentType" : "application/json; charset=utf-8",
        "documentState" : "VALID"
      }
    }
  },
  "dataFileExtension" : "xml",
  "objectRefs" : [ {
    "id" : "2b6R4RBMkdhdHD6q5Mvku8",
    "name" : "OlsonRestAPI",
    "type" : "AI_CONNECTION",
    "metadata" : {
      "modelVersion" : {
        "major" : 1,
        "minor" : 0
      },
      "repoInfo" : {
        "repoHandle" : "Wm9D3LSLeJljxcg-gt-5736653-2017-05-24T14:23:06.978Z::conn.xml"
      },
      "contextAttributes" : null,
      "additionalInfo" : {
        "description" : "Olson Latest Service connector \nMay 15th 2017",
        "contentType" : "application/json; charset=utf-8",
        "documentState" : "VALID"
      }
    },
    "path" : "/Explore/Default"
  }, {
    "id" : "8AIPkeyPlu9hZaoimxE5C9",
    "name" : "HeaderSet",
    "type" : "PROCESS_OBJECT",
    "metadata" : {
      "modelVersion" : {
        "major" : 1,
        "minor" : 0
      },
      "repoInfo" : {
        "repoHandle" : "3aaa-gt-2202525-2017-05-08T21:08:43.871Z::po.xml"
      },
      "contextAttributes" : null,
      "additionalInfo" : {
        "description" : "",
        "contentType" : "application/json; charset=utf-8",
        "documentState" : "VALID"
      }
    },
    "path" : "/Explore/Default"
  } ]
}