{
  "objectInfo" : {
    "id" : "3YrrrXgi68Bfe4lKPu5wiJ",
    "name" : "BWS-Olson-AuthUser",
    "type" : "PROCESS",
    "metadata" : {
      "modelVersion" : {
        "major" : 1,
        "minor" : 0
      },
      "repoInfo" : {
        "repoHandle" : "L8dpgbcggaaaaa-gt-5718960-2017-05-24T14:09:10.607Z::pd.xml"
      },
      "contextAttributes" : null,
      "additionalInfo" : {
        "description" : "Session handling process for Olson.  Receives initial auth request, retains key during persistence, and accepts message events to terminate the process and return session token",
        "contentType" : "application/json; charset=utf-8",
        "documentState" : "VALID"
      }
    }
  },
  "dataFileExtension" : "xml",
  "objectRefs" : [ {
    "id" : "2b6R4RBMkdhdHD6q5Mvku8",
    "name" : "OlsonRestAPI",
    "type" : "AI_CONNECTION",
    "metadata" : {
      "modelVersion" : {
        "major" : 1,
        "minor" : 0
      },
      "repoInfo" : {
        "repoHandle" : "Wm9D3LSLeJljxcg-gt-5736653-2017-05-24T14:23:06.978Z::conn.xml"
      },
      "contextAttributes" : null,
      "additionalInfo" : {
        "description" : "Olson Latest Service connector \nMay 15th 2017",
        "contentType" : "application/json; charset=utf-8",
        "documentState" : "VALID"
      }
    },
    "path" : "/Explore/Default"
  }, {
    "id" : "8AIPkeyPlu9hZaoimxE5C9",
    "name" : "HeaderSet",
    "type" : "PROCESS_OBJECT",
    "metadata" : {
      "modelVersion" : {
        "major" : 1,
        "minor" : 0
      },
      "repoInfo" : {
        "repoHandle" : "3aaa-gt-2202525-2017-05-08T21:08:43.871Z::po.xml"
      },
      "contextAttributes" : null,
      "additionalInfo" : {
        "description" : "",
        "contentType" : "application/json; charset=utf-8",
        "documentState" : "VALID"
      }
    },
    "path" : "/Explore/Default"
  }, {
    "id" : "llQCzWQ5bwpcTo8jic8biE",
    "name" : "ICS Session Token - Timer",
    "type" : "PROCESS",
    "metadata" : {
      "modelVersion" : {
        "major" : 1,
        "minor" : 0
      },
      "repoInfo" : {
        "repoHandle" : "lmtK9hCHbf2XZPn-gt-5727548-2017-05-24T14:16:53.179Z::pd.xml"
      },
      "contextAttributes" : null,
      "additionalInfo" : {
        "description" : "",
        "contentType" : "application/json; charset=utf-8",
        "documentState" : "VALID"
      }
    },
    "path" : "/Explore/Default"
  } ]
}