{
  "objectInfo" : {
    "id" : "4PQFP1k0gmodKAnJyxy3kc",
    "name" : "BWS-Olson-GetProfile",
    "type" : "PROCESS",
    "metadata" : {
      "modelVersion" : {
        "major" : 1,
        "minor" : 0
      },
      "repoInfo" : {
        "repoHandle" : "0CYybdsMkdypKwK-gt-9057265-2017-05-30T14:25:20.987Z::pd.xml"
      },
      "contextAttributes" : null,
      "additionalInfo" : {
        "description" : "For handling BWS requests for Olson member profiles",
        "contentType" : "application/json; charset=utf-8",
        "documentState" : "VALID"
      }
    }
  },
  "dataFileExtension" : "xml",
  "objectRefs" : [ {
    "id" : "2b6R4RBMkdhdHD6q5Mvku8",
    "name" : "OlsonRestAPI",
    "type" : "AI_CONNECTION",
    "metadata" : {
      "modelVersion" : {
        "major" : 1,
        "minor" : 0
      },
      "repoInfo" : {
        "repoHandle" : "Wm9D3LSLeJljxcg-gt-5736653-2017-05-24T14:23:06.978Z::conn.xml"
      },
      "contextAttributes" : null,
      "additionalInfo" : {
        "description" : "Olson Latest Service connector \nMay 15th 2017",
        "contentType" : "application/json; charset=utf-8",
        "documentState" : "VALID"
      }
    },
    "path" : "/Explore/Default"
  }, {
    "id" : "dIcD8JmZoCYgTLtI1osIkv",
    "name" : "headerExtract",
    "type" : "PROCESS_OBJECT",
    "metadata" : {
      "modelVersion" : {
        "major" : 1,
        "minor" : 0
      },
      "repoInfo" : {
        "repoHandle" : "bcgm8lnCmp6oIuQ-gt-13249860-2017-06-05T17:20:11.018Z::po.xml"
      },
      "contextAttributes" : null,
      "additionalInfo" : {
        "description" : "Header and body extraction from BPEL process HeaderExtractionProcess.   Expected request payload for any IPD called by HeaderExtractionProcess.",
        "contentType" : "application/json; charset=utf-8",
        "documentState" : "VALID"
      }
    },
    "path" : "/Explore/Default"
  } ]
}