{
  "objectInfo" : {
    "id" : "j34DzVNsK8fcWwMtv4UCWR",
    "name" : "Calculate Max Discount",
    "type" : "PROCESS",
    "metadata" : {
      "modelVersion" : {
        "major" : 1,
        "minor" : 0
      },
      "repoInfo" : {
        "repoHandle" : "1M0FKi9zhFtybdu-gt-148862-2014-12-22T16:23:41.852Z::pd.xml"
      },
      "contextAttributes" : null,
      "additionalInfo" : {
        "description" : "",
        "contentType" : "application/json; charset=utf-8",
        "documentState" : "VALID"
      }
    }
  },
  "dataFileExtension" : "xml",
  "objectRefs" : [ ]
}