{
  "objectInfo" : {
    "id" : "0qxj1mVvHZke9KFjqGcgeK",
    "name" : "Call Persist SmartID",
    "type" : "PROCESS",
    "metadata" : {
      "modelVersion" : {
        "major" : 1,
        "minor" : 0
      },
      "repoInfo" : {
        "repoHandle" : "ubdpsaaaa-gt29972096-2014-08-19T15:20:56.33Z::pd.xml"
      },
      "contextAttributes" : null,
      "additionalInfo" : {
        "description" : "",
        "contentType" : "application/json; charset=utf-8",
        "documentState" : "VALID"
      }
    }
  },
  "dataFileExtension" : "xml",
  "objectRefs" : [ ]
}