{
  "objectInfo" : {
    "id" : "49ywdOujEclfmGKwwHnnSJ",
    "name" : "Camoplast-Salesforce",
    "type" : "AI_CONNECTION",
    "metadata" : {
      "modelVersion" : {
        "major" : 1,
        "minor" : 0
      },
      "repoInfo" : {
        "repoHandle" : "YlkeN8jIw8jIw8j-gt31964544-2014-08-23T11:35:04.181Z::conn.xml"
      },
      "contextAttributes" : null,
      "additionalInfo" : {
        "description" : "",
        "contentType" : "application/json; charset=utf-8",
        "documentState" : "VALID"
      }
    }
  },
  "dataFileExtension" : "xml",
  "objectRefs" : [ ]
}