{
  "objectInfo" : {
    "id" : "1D903rKPSoIcRVVJqzeqGb",
    "name" : "CaseManager",
    "type" : "PROCESS",
    "metadata" : {
      "modelVersion" : {
        "major" : 1,
        "minor" : 0
      },
      "repoInfo" : {
        "repoHandle" : "NKSmvD4teIssjql-gt-148958-2014-12-22T16:23:44.629Z::pd.xml"
      },
      "contextAttributes" : null,
      "additionalInfo" : {
        "description" : "Calise's Test For Managing a case data integration from SFDC to downstream applications",
        "contentType" : "application/json; charset=utf-8",
        "documentState" : "VALID"
      }
    }
  },
  "dataFileExtension" : "xml",
  "objectRefs" : [ ]
}