{
  "objectInfo" : {
    "id" : "6zcNkh093IBkxmNWQbYVw2",
    "name" : "Cases from Other SFDC Org",
    "type" : "GUIDE",
    "metadata" : {
      "modelVersion" : {
        "major" : 1,
        "minor" : 0
      },
      "repoInfo" : {
        "repoHandle" : "01huaa-gt-148792-2014-12-22T16:23:39.994Z::gt.xml"
      },
      "contextAttributes" : null,
      "additionalInfo" : {
        "description" : "Shows cases associated with the same named account from the DemoCE Salesforce Org.",
        "contentType" : "application/json; charset=utf-8",
        "documentState" : "VALID"
      }
    }
  },
  "dataFileExtension" : "xml",
  "objectRefs" : [ ]
}