{
  "objectInfo" : {
    "id" : "0sCnGm4IJAkkid6nKRo2Wf",
    "name" : "Case Creation 2",
    "type" : "GUIDE",
    "metadata" : {
      "modelVersion" : {
        "major" : 1,
        "minor" : 0
      },
      "repoInfo" : {
        "repoHandle" : "IRi92qBbbeJOSM8-gt-441534-2015-03-03T18:18:20.563Z::gt.xml"
      },
      "contextAttributes" : null,
      "additionalInfo" : {
        "description" : "",
        "contentType" : "application/json; charset=utf-8",
        "documentState" : "VALID"
      }
    }
  },
  "dataFileExtension" : "xml",
  "objectRefs" : [ ]
}