{
  "objectInfo" : {
    "id" : "bOkY0tzF2Y9hXsihDq4q0R",
    "name" : "CEDemo",
    "type" : "AI_CONNECTION",
    "metadata" : {
      "modelVersion" : {
        "major" : 1,
        "minor" : 0
      },
      "repoInfo" : {
        "repoHandle" : "34XutaaabbgdoGs-gt-148966-2014-12-22T16:23:44.871Z::conn.xml"
      },
      "contextAttributes" : null,
      "additionalInfo" : {
        "description" : "Salesforce org for CE Demos",
        "contentType" : "application/json; charset=utf-8",
        "documentState" : "VALID"
      }
    }
  },
  "dataFileExtension" : "xml",
  "objectRefs" : [ ]
}