{
  "objectInfo" : {
    "id" : "67byqShCl0XjLZ6q08WGMb",
    "name" : "Check DB for OUID",
    "type" : "AI_SERVICE_CONNECTOR",
    "metadata" : {
      "modelVersion" : {
        "major" : 1,
        "minor" : 0
      },
      "repoInfo" : {
        "repoHandle" : "sKKkhEuHWvJ4rsw-gt-148982-2014-12-22T16:23:45.293Z::svc.xml"
      },
      "contextAttributes" : null,
      "additionalInfo" : {
        "description" : "",
        "contentType" : "application/json; charset=utf-8",
        "documentState" : "VALID"
      }
    }
  },
  "dataFileExtension" : "xml",
  "objectRefs" : [ ]
}