{
  "objectInfo" : {
    "id" : "4umPYODa5m5dUlx9eECLwz",
    "name" : "Clean Power Estimator-1",
    "type" : "AI_SERVICE_CONNECTOR",
    "metadata" : {
      "modelVersion" : {
        "major" : 1,
        "minor" : 0
      },
      "repoInfo" : {
        "repoHandle" : "4ZnchKGXShOeCFk-gt-441542-2015-03-03T18:18:20.899Z::svc.xml"
      },
      "contextAttributes" : null,
      "additionalInfo" : {
        "description" : "CPRE callout service",
        "contentType" : "application/json; charset=utf-8",
        "documentState" : "VALID"
      }
    }
  },
  "dataFileExtension" : "xml",
  "objectRefs" : [ ]
}