{
  "objectInfo" : {
    "id" : "2LGIpt2YLXLeU5u6nq0uoo",
    "name" : "Cloud Wrapper",
    "type" : "PROCESS",
    "metadata" : {
      "modelVersion" : {
        "major" : 1,
        "minor" : 0
      },
      "repoInfo" : {
        "repoHandle" : "cmkbclopz4KhPVE-gt30469632-2014-08-20T04:25:06.045Z::pd.xml"
      },
      "contextAttributes" : null,
      "additionalInfo" : {
        "description" : "",
        "contentType" : "application/json; charset=utf-8",
        "documentState" : "VALID"
      }
    }
  },
  "dataFileExtension" : "xml",
  "objectRefs" : [ ]
}