{
  "objectInfo" : {
    "id" : "aWwuNAWiKE3iI2ZnB9Cq0Q",
    "name" : "Cloud Process Wrapper",
    "type" : "PROCESS",
    "metadata" : {
      "modelVersion" : {
        "major" : 1,
        "minor" : 0
      },
      "repoInfo" : {
        "repoHandle" : "0rpC18ypmaaa-gt30436224-2014-08-20T04:00:59.914Z::pd.xml"
      },
      "contextAttributes" : null,
      "additionalInfo" : {
        "description" : "",
        "contentType" : "application/json; charset=utf-8",
        "documentState" : "VALID"
      }
    }
  },
  "dataFileExtension" : "xml",
  "objectRefs" : [ ]
}