{
  "objectInfo" : {
    "id" : "6YMNPRjl3Iydfpd9UWFfwq",
    "name" : "Compression_FileProcessor_Demo",
    "type" : "DSS",
    "metadata" : {
      "modelVersion" : {
        "major" : 0,
        "minor" : 0
      },
      "repoInfo" : {
        "repoHandle" : "000QJ10I00000000001C"
      },
      "contextAttributes" : [ {
        "name" : "id",
        "value" : "@1"
      } ],
      "additionalInfo" : {
        "description" : "",
        "contentType" : "JSON",
        "documentState" : "VALID"
      }
    }
  },
  "dataFileExtension" : "zip",
  "objectRefs" : [ {
    "id" : "9VfIxpKTcOIlaXKNPLALIu",
    "name" : "File_Processor_FF_Tgt",
    "type" : "Connection",
    "metadata" : {
      "modelVersion" : {
        "major" : 0,
        "minor" : 0
      },
      "repoInfo" : {
        "repoHandle" : "000QJ10B000000000014"
      },
      "contextAttributes" : null,
      "additionalInfo" : {
        "description" : "copied from example here: https://network.informatica.com/docs/DOC-15686",
        "contentType" : "JSON",
        "documentState" : "VALID"
      }
    },
    "path" : "/SYS"
  }, {
    "id" : "5sE9lX5GccHelgmbCOxyEW",
    "name" : "Compression_FileProcessor_Demo",
    "type" : "Connection",
    "metadata" : {
      "modelVersion" : {
        "major" : 0,
        "minor" : 0
      },
      "repoInfo" : {
        "repoHandle" : "000QJ10B000000000013"
      },
      "contextAttributes" : null,
      "additionalInfo" : {
        "description" : "example copied from here: https://network.informatica.com/docs/DOC-15578",
        "contentType" : "JSON",
        "documentState" : "VALID"
      }
    },
    "path" : "/SYS"
  } ]
}