{
  "objectInfo" : {
    "id" : "f3zq6bxLf4ihVY4Lj4IKKx",
    "name" : "ConversionRatesPO",
    "type" : "PROCESS_OBJECT",
    "metadata" : {
      "modelVersion" : {
        "major" : 1,
        "minor" : 0
      },
      "repoInfo" : {
        "repoHandle" : "clJKoJBUhtycotF-gt-2266684-2016-01-15T02:55:50.043Z::po.xml"
      },
      "contextAttributes" : null,
      "additionalInfo" : {
        "description" : "",
        "contentType" : "application/json; charset=utf-8",
        "documentState" : "VALID"
      }
    }
  },
  "dataFileExtension" : "xml",
  "objectRefs" : [ ]
}