{
  "objectInfo" : {
    "id" : "iqSYdVMoLcNhU8zSfMihkk",
    "name" : "Contact Manager for Account",
    "type" : "GUIDE",
    "metadata" : {
      "modelVersion" : {
        "major" : 1,
        "minor" : 0
      },
      "repoInfo" : {
        "repoHandle" : "XoE9paabdqpw0VP-gt-786300-2016-06-23T21:29:40.795Z::gt.xml"
      },
      "contextAttributes" : null,
      "additionalInfo" : {
        "description" : "Displays a list of existing\ncontacts for an account so guide user can\nreview and add new contacts, if required.",
        "contentType" : "application/json; charset=utf-8",
        "documentState" : "VALID"
      }
    }
  },
  "dataFileExtension" : "xml",
  "objectRefs" : [ ]
}