{
  "objectInfo" : {
    "id" : "drChjx3RxeuckuAtjZhlGE",
    "name" : "ConversionsPO",
    "type" : "PROCESS_OBJECT",
    "metadata" : {
      "modelVersion" : {
        "major" : 1,
        "minor" : 0
      },
      "repoInfo" : {
        "repoHandle" : "pmmgaabclvAhrsw-gt-2145648-2016-01-14T21:15:55.249Z::po.xml"
      },
      "contextAttributes" : null,
      "additionalInfo" : {
        "description" : "",
        "contentType" : "application/json; charset=utf-8",
        "documentState" : "VALID"
      }
    }
  },
  "dataFileExtension" : "xml",
  "objectRefs" : [ ]
}