{
  "objectInfo" : {
    "id" : "6Rkj3TIPE21bHyCPzMPoqf",
    "name" : "Convert Lead to Opportunity sample",
    "type" : "GUIDE",
    "metadata" : {
      "modelVersion" : {
        "major" : 1,
        "minor" : 0
      },
      "repoInfo" : {
        "repoHandle" : "i4tciSrZMSPfXBi-gt-569880-2016-01-24T05:58:53.137Z::gt.xml"
      },
      "contextAttributes" : null,
      "additionalInfo" : {
        "description" : "This sample runs from a Salesforce Lead.   It lists Accounts that might be a match for the Lead (based on Company name), then lets the user select an Account or create a new Account.   Then the Lead is converted to a Contact and an Opportunity is created.",
        "contentType" : "application/json; charset=utf-8",
        "documentState" : "VALID"
      }
    }
  },
  "dataFileExtension" : "xml",
  "objectRefs" : [ ]
}