{
  "objectInfo" : {
    "id" : "3BQ2fCethl0cK3ikqpjxOj",
    "name" : "ConversionResponsePO",
    "type" : "PROCESS_OBJECT",
    "metadata" : {
      "modelVersion" : {
        "major" : 1,
        "minor" : 0
      },
      "repoInfo" : {
        "repoHandle" : "F7bdoPVm5Y6tMFy-gt-2266306-2016-01-15T02:48:04.509Z::po.xml"
      },
      "contextAttributes" : null,
      "additionalInfo" : {
        "description" : "",
        "contentType" : "application/json; charset=utf-8",
        "documentState" : "VALID"
      }
    }
  },
  "dataFileExtension" : "xml",
  "objectRefs" : [ ]
}