{
  "objectInfo" : {
    "id" : "3dkj7qw7KKAl4mbW8RHgIC",
    "name" : "CONN-SC-IC-REST-API",
    "type" : "AI_CONNECTION",
    "metadata" : {
      "modelVersion" : {
        "major" : 1,
        "minor" : 0
      },
      "repoInfo" : {
        "repoHandle" : "eJjnS24FsWTzIf6-gt-4403784-2016-07-25T14:31:18.075Z::conn.xml"
      },
      "contextAttributes" : null,
      "additionalInfo" : {
        "description" : "",
        "contentType" : "application/json; charset=utf-8",
        "documentState" : "VALID"
      }
    }
  },
  "dataFileExtension" : "xml",
  "objectRefs" : [ ]
}