{
  "objectInfo" : {
    "id" : "9wI5GU8BC4ZcwPCkSopF83",
    "name" : "ContactTrigger",
    "type" : "PROCESS",
    "metadata" : {
      "modelVersion" : {
        "major" : 1,
        "minor" : 0
      },
      "repoInfo" : {
        "repoHandle" : "dvGqUlLnzYLnzYL-gt-4378-2014-10-20T21:05:39.059Z::pd.xml"
      },
      "contextAttributes" : null,
      "additionalInfo" : {
        "description" : "This process receives the request to Contact Object",
        "contentType" : "application/json; charset=utf-8",
        "documentState" : "VALID"
      }
    }
  },
  "dataFileExtension" : "xml",
  "objectRefs" : [ ]
}