{
  "objectInfo" : {
    "id" : "iFSm99Vq1mRdHt39RUEIkL",
    "name" : "ConnectionForEmailTesting",
    "type" : "AI_CONNECTION",
    "metadata" : {
      "modelVersion" : {
        "major" : 1,
        "minor" : 0
      },
      "repoInfo" : {
        "repoHandle" : "wVMZlNaaabdvhxi-gt-4732877-2016-10-21T13:25:50.357Z::conn.xml"
      },
      "contextAttributes" : null,
      "additionalInfo" : {
        "description" : "Testing file on disk to email attachment",
        "contentType" : "application/json; charset=utf-8",
        "documentState" : "VALID"
      }
    }
  },
  "dataFileExtension" : "xml",
  "objectRefs" : [ ]
}