{
  "objectInfo" : {
    "id" : "4ZMBmM99I12dl2LgjpgN8h",
    "name" : "Contact",
    "type" : "PROCESS_OBJECT",
    "metadata" : {
      "modelVersion" : {
        "major" : 1,
        "minor" : 0
      },
      "repoInfo" : {
        "repoHandle" : "DKYsGuDoWn2sqeE-gt-3961099-2016-01-19T22:26:47.475Z::po.xml"
      },
      "contextAttributes" : null,
      "additionalInfo" : {
        "description" : "Contact DT",
        "contentType" : "application/json; charset=utf-8",
        "documentState" : "VALID"
      }
    }
  },
  "dataFileExtension" : "xml",
  "objectRefs" : [ ]
}