{
  "objectInfo" : {
    "id" : "fAsbaJu8dgQesxoDNOr9an",
    "name" : "CPREConnection",
    "type" : "AI_CONNECTION",
    "metadata" : {
      "modelVersion" : {
        "major" : 1,
        "minor" : 0
      },
      "repoInfo" : {
        "repoHandle" : "TbeFRqXpIW7WHK8-gt-441538-2015-03-03T18:18:20.74Z::conn.xml"
      },
      "contextAttributes" : null,
      "additionalInfo" : {
        "description" : "",
        "contentType" : "application/json; charset=utf-8",
        "documentState" : "VALID"
      }
    }
  },
  "dataFileExtension" : "xml",
  "objectRefs" : [ {
    "id" : "l0SKNPrvas1hC4B15NSVkZ",
    "name" : "Clean Power Estimator",
    "type" : "AI_SERVICE_CONNECTOR",
    "metadata" : {
      "modelVersion" : {
        "major" : 1,
        "minor" : 0
      },
      "repoInfo" : {
        "repoHandle" : "gglxbdypKwKBqRi-gt-442679-2015-03-03T18:31:30.105Z::svc.xml"
      },
      "contextAttributes" : null,
      "additionalInfo" : {
        "description" : "CPRE callout service",
        "contentType" : "application/json; charset=utf-8",
        "documentState" : "VALID"
      }
    },
    "path" : "/Explore/Default"
  } ]
}