{
  "objectInfo" : {
    "id" : "kSar2n0ZyarhmUlD0oulGG",
    "name" : "Create Mashery API",
    "type" : "PROCESS",
    "metadata" : {
      "modelVersion" : {
        "major" : 1,
        "minor" : 0
      },
      "repoInfo" : {
        "repoHandle" : "kNMZQELaabclvAh-gt-149490-2014-12-22T16:24:02.316Z::pd.xml"
      },
      "contextAttributes" : null,
      "additionalInfo" : {
        "description" : "",
        "contentType" : "application/json; charset=utf-8",
        "documentState" : "VALID"
      }
    }
  },
  "dataFileExtension" : "xml",
  "objectRefs" : [ ]
}