{
  "objectInfo" : {
    "id" : "6Jv8RzCuAsVgO0FrqZ8yGr",
    "name" : "CreateCaseBillingStateHeadless-Module 10.3",
    "type" : "GUIDE",
    "metadata" : {
      "modelVersion" : {
        "major" : 1,
        "minor" : 0
      },
      "repoInfo" : {
        "repoHandle" : "aaaaaa-gt-149208-2014-12-22T16:23:54.009Z::gt.xml"
      },
      "contextAttributes" : null,
      "additionalInfo" : {
        "description" : "This headless guide will run via a workflow when the Account Billing State is edited. It will create a Case for the owner (Sales Rep) manager to review and determine if territory change is required.",
        "contentType" : "application/json; charset=utf-8",
        "documentState" : "VALID"
      }
    }
  },
  "dataFileExtension" : "xml",
  "objectRefs" : [ ]
}