{
  "objectInfo" : {
    "id" : "5mwTOnwYCoOkEhDY5FzyMy",
    "name" : "Create Mashery Package",
    "type" : "PROCESS",
    "metadata" : {
      "modelVersion" : {
        "major" : 1,
        "minor" : 0
      },
      "repoInfo" : {
        "repoHandle" : "vzFBwLjBeE1KoJB-gt-149524-2014-12-22T16:24:03.335Z::pd.xml"
      },
      "contextAttributes" : null,
      "additionalInfo" : {
        "description" : "",
        "contentType" : "application/json; charset=utf-8",
        "documentState" : "VALID"
      }
    }
  },
  "dataFileExtension" : "xml",
  "objectRefs" : [ ]
}