{
  "objectInfo" : {
    "id" : "8JxRbzmu2kGjfs4FkvXNYX",
    "name" : "CreateOpportunity",
    "type" : "GUIDE",
    "metadata" : {
      "modelVersion" : {
        "major" : 1,
        "minor" : 0
      },
      "repoInfo" : {
        "repoHandle" : "Vf4VQT53nQciSrZ-gt-4626371-2016-08-12T18:24:13.762Z::gt.xml"
      },
      "contextAttributes" : null,
      "additionalInfo" : {
        "description" : "This guide will help you to create new Opportunity",
        "contentType" : "application/json; charset=utf-8",
        "documentState" : "INVALID"
      }
    }
  },
  "dataFileExtension" : "xml",
  "objectRefs" : [ {
    "id" : "aCzPqmG2eYBfPR8vmLAume",
    "name" : "Salesforce",
    "type" : "AI_CONNECTION",
    "metadata" : {
      "modelVersion" : {
        "major" : 1,
        "minor" : 0
      },
      "repoInfo" : {
        "repoHandle" : "KMMP5gjn9OQcjoY-gt-1018856-2015-03-26T16:04:32.588Z::conn.xml"
      },
      "contextAttributes" : null,
      "additionalInfo" : {
        "description" : "active as of Aug-2019, related to dev SFDC account.  Contact jjudy@infa",
        "contentType" : "application/json; charset=utf-8",
        "documentState" : "VALID"
      }
    },
    "path" : "/Explore/Default"
  }, {
    "id" : "2T1cz8LaScUjVTd7ycZ90C",
    "name" : "CreateOpportunity",
    "type" : "PROCESS",
    "metadata" : {
      "modelVersion" : {
        "major" : 1,
        "minor" : 0
      },
      "repoInfo" : {
        "repoHandle" : "Wi2B7O2htghGZ5i-gt-575997-2016-08-05T19:09:21.781Z::pd.xml"
      },
      "contextAttributes" : null,
      "additionalInfo" : {
        "description" : "",
        "contentType" : "application/json; charset=utf-8",
        "documentState" : "VALID"
      }
    },
    "path" : "/Explore/Default"
  } ]
}