{
  "objectInfo" : {
    "id" : "aAxpgJcaQMejrD4dUYaJ43",
    "name" : "Create Leads From DB in SFDC",
    "type" : "PROCESS",
    "metadata" : {
      "modelVersion" : {
        "major" : 1,
        "minor" : 0
      },
      "repoInfo" : {
        "repoHandle" : "YqscotFgpKi9zhF-gt-983530-2015-01-20T20:09:19.807Z::pd.xml"
      },
      "contextAttributes" : null,
      "additionalInfo" : {
        "description" : "",
        "contentType" : "application/json; charset=utf-8",
        "documentState" : "VALID"
      }
    }
  },
  "dataFileExtension" : "xml",
  "objectRefs" : [ ]
}