{
  "objectInfo" : {
    "id" : "l7MweqzJvW5dWuJJLDIAyF",
    "name" : "Create Opportunity",
    "type" : "GUIDE",
    "metadata" : {
      "modelVersion" : {
        "major" : 1,
        "minor" : 0
      },
      "repoInfo" : {
        "repoHandle" : "eGkSSHCwkNmumf6-gt-5644380-2016-02-02T01:21:23.072Z::gt.xml"
      },
      "contextAttributes" : null,
      "additionalInfo" : {
        "description" : "",
        "contentType" : "application/json; charset=utf-8",
        "documentState" : "VALID"
      }
    }
  },
  "dataFileExtension" : "xml",
  "objectRefs" : [ ]
}