{
  "objectInfo" : {
    "id" : "6QekaCCar0GgmMdApExNki",
    "name" : "Create an Expedited Purchase Request",
    "type" : "GUIDE",
    "metadata" : {
      "modelVersion" : {
        "major" : 1,
        "minor" : 0
      },
      "repoInfo" : {
        "repoHandle" : "Q0gckPaaaaaaaaa-gt-148818-2014-12-22T16:23:40.678Z::gt.xml"
      },
      "contextAttributes" : null,
      "additionalInfo" : {
        "description" : "Takes the following input to fulfill an expedited order: SKU, unitCount, discount, customer's first, last name, and phone number",
        "contentType" : "application/json; charset=utf-8",
        "documentState" : "VALID"
      }
    }
  },
  "dataFileExtension" : "xml",
  "objectRefs" : [ ]
}