{
  "objectInfo" : {
    "id" : "6hHUm976wKdbMKqz7wWGc4",
    "name" : "Create and Process Order",
    "type" : "GUIDE",
    "metadata" : {
      "modelVersion" : {
        "major" : 1,
        "minor" : 0
      },
      "repoInfo" : {
        "repoHandle" : "yeE3mY6pkTjFIMe-gt-149394-2014-12-22T16:23:59.388Z::gt.xml"
      },
      "contextAttributes" : null,
      "additionalInfo" : {
        "description" : "",
        "contentType" : "application/json; charset=utf-8",
        "documentState" : "VALID"
      }
    }
  },
  "dataFileExtension" : "xml",
  "objectRefs" : [ ]
}