{
  "objectInfo" : {
    "id" : "cVCHbUMLw2hj1tbcPvxjmm",
    "name" : "Create Additional Opportunity",
    "type" : "GUIDE",
    "metadata" : {
      "modelVersion" : {
        "major" : 1,
        "minor" : 0
      },
      "repoInfo" : {
        "repoHandle" : "eD3eIsoZduD2L5S-gt-568987-2016-01-24T02:42:37.068Z::gt.xml"
      },
      "contextAttributes" : null,
      "additionalInfo" : {
        "description" : "How best to create new opportunities in existing accounts.\n\t",
        "contentType" : "application/json; charset=utf-8",
        "documentState" : "VALID"
      }
    }
  },
  "dataFileExtension" : "xml",
  "objectRefs" : [ ]
}