{
  "objectInfo" : {
    "id" : "6KmdMus3hkSjT7N7mOQAkL",
    "name" : "Create New Opportunity with Enrichment",
    "type" : "GUIDE",
    "metadata" : {
      "modelVersion" : {
        "major" : 1,
        "minor" : 0
      },
      "repoInfo" : {
        "repoHandle" : "Vyaaaaa-gt-148962-2014-12-22T16:23:44.764Z::gt.xml"
      },
      "contextAttributes" : null,
      "additionalInfo" : {
        "description" : "This is the completed Opportunity Creation process app for our standard demo.",
        "contentType" : "application/json; charset=utf-8",
        "documentState" : "VALID"
      }
    }
  },
  "dataFileExtension" : "xml",
  "objectRefs" : [ ]
}