{
  "objectInfo" : {
    "id" : "796p9aT1qzekpm6xZqJ2mk",
    "name" : "CreateChatterPost",
    "type" : "PROCESS",
    "metadata" : {
      "modelVersion" : {
        "major" : 1,
        "minor" : 0
      },
      "repoInfo" : {
        "repoHandle" : "Tv0CR3aaa-gt-1826479-2016-06-29T15:25:46.737Z::pd.xml"
      },
      "contextAttributes" : null,
      "additionalInfo" : {
        "description" : "This process authenticates to Chatter and makes a simple post",
        "contentType" : "application/json; charset=utf-8",
        "documentState" : "VALID"
      }
    }
  },
  "dataFileExtension" : "xml",
  "objectRefs" : [ {
    "id" : "j4CZOfvt9SMesfTSMYQqsf",
    "name" : "SimpleChatterRestConnection-Basav",
    "type" : "AI_CONNECTION",
    "metadata" : {
      "modelVersion" : {
        "major" : 1,
        "minor" : 0
      },
      "repoInfo" : {
        "repoHandle" : "gpKi9zhFtybduaa-gt-53051-2016-06-26T18:15:39.112Z::conn.xml"
      },
      "contextAttributes" : null,
      "additionalInfo" : {
        "description" : "Connect to Salesforce Connected App",
        "contentType" : "application/json; charset=utf-8",
        "documentState" : "VALID"
      }
    },
    "path" : "/Explore/Default"
  } ]
}