{
  "objectInfo" : {
    "id" : "lVNs0j9crEGdx6IsnkTYU4",
    "name" : "Create New Opportunity",
    "type" : "GUIDE",
    "metadata" : {
      "modelVersion" : {
        "major" : 1,
        "minor" : 0
      },
      "repoInfo" : {
        "repoHandle" : "qcgm8lnCmp6oIuQ-gt-149352-2014-12-22T16:23:58.265Z::gt.xml"
      },
      "contextAttributes" : null,
      "additionalInfo" : {
        "description" : "This is the initial Opportunity Creation process app for our standard demo.",
        "contentType" : "application/json; charset=utf-8",
        "documentState" : "VALID"
      }
    }
  },
  "dataFileExtension" : "xml",
  "objectRefs" : [ ]
}