{
  "objectInfo" : {
    "id" : "cCl4P9kZd04e2y3mWoz9IA",
    "name" : "Create Case",
    "type" : "PROCESS",
    "metadata" : {
      "modelVersion" : {
        "major" : 1,
        "minor" : 0
      },
      "repoInfo" : {
        "repoHandle" : "FShFdw8jIw8jIw8-gt-6067410-2016-02-02T18:11:55.507Z::pd.xml"
      },
      "contextAttributes" : null,
      "additionalInfo" : {
        "description" : "",
        "contentType" : "application/json; charset=utf-8",
        "documentState" : "VALID"
      }
    }
  },
  "dataFileExtension" : "xml",
  "objectRefs" : [ ]
}