{
  "objectInfo" : {
    "id" : "2SWV16BQne5hJlMsEDaj4N",
    "name" : "CreateOpportunityWizard",
    "type" : "GUIDE",
    "metadata" : {
      "modelVersion" : {
        "major" : 1,
        "minor" : 0
      },
      "repoInfo" : {
        "repoHandle" : "478OHDvGFaaaaaa-gt-4428907-2016-08-23T19:51:58.888Z::gt.xml"
      },
      "contextAttributes" : null,
      "additionalInfo" : {
        "description" : "Use this wizard to create new opportunity",
        "contentType" : "application/json; charset=utf-8",
        "documentState" : "VALID"
      }
    }
  },
  "dataFileExtension" : "xml",
  "objectRefs" : [ {
    "id" : "8JxRbzmu2kGjfs4FkvXNYX",
    "name" : "CreateOpportunity",
    "type" : "GUIDE",
    "metadata" : {
      "modelVersion" : {
        "major" : 1,
        "minor" : 0
      },
      "repoInfo" : {
        "repoHandle" : "Vf4VQT53nQciSrZ-gt-4626371-2016-08-12T18:24:13.762Z::gt.xml"
      },
      "contextAttributes" : null,
      "additionalInfo" : {
        "description" : "This guide will help you to create new Opportunity",
        "contentType" : "application/json; charset=utf-8",
        "documentState" : "INVALID"
      }
    },
    "path" : "/Explore/Default"
  } ]
}