{
  "objectInfo" : {
    "id" : "jvFnRbx1Ea7bTpCrlDSVUW",
    "name" : "Create Lead or Case with Assignment Rules",
    "type" : "GUIDE",
    "metadata" : {
      "modelVersion" : {
        "major" : 1,
        "minor" : 0
      },
      "repoInfo" : {
        "repoHandle" : "DvhHRvsGRvDINci-gt-6086618-2016-02-02T18:25:26.483Z::gt.xml"
      },
      "contextAttributes" : null,
      "additionalInfo" : {
        "description" : "",
        "contentType" : "application/json; charset=utf-8",
        "documentState" : "VALID"
      }
    }
  },
  "dataFileExtension" : "xml",
  "objectRefs" : [ ]
}