{
  "objectInfo" : {
    "id" : "2T1cz8LaScUjVTd7ycZ90C",
    "name" : "CreateOpportunity",
    "type" : "PROCESS",
    "metadata" : {
      "modelVersion" : {
        "major" : 1,
        "minor" : 0
      },
      "repoInfo" : {
        "repoHandle" : "Wi2B7O2htghGZ5i-gt-575997-2016-08-05T19:09:21.781Z::pd.xml"
      },
      "contextAttributes" : null,
      "additionalInfo" : {
        "description" : "",
        "contentType" : "application/json; charset=utf-8",
        "documentState" : "VALID"
      }
    }
  },
  "dataFileExtension" : "xml",
  "objectRefs" : [ {
    "id" : "krkzWmXfS2qgj7zyXRkCuw",
    "name" : "ThomasBayerInfo-BA",
    "type" : "AI_CONNECTION",
    "metadata" : {
      "modelVersion" : {
        "major" : 1,
        "minor" : 0
      },
      "repoInfo" : {
        "repoHandle" : "Sbdpsaaaa-gt-3319024-2016-08-11T02:38:47.14Z::conn.xml"
      },
      "contextAttributes" : null,
      "additionalInfo" : {
        "description" : "",
        "contentType" : "application/json; charset=utf-8",
        "documentState" : "VALID"
      }
    },
    "path" : "/Explore/Default"
  }, {
    "id" : "g2O2Ruv2VI2gLdL0Xnw8SH",
    "name" : "SfdcReSTConn-BA",
    "type" : "AI_CONNECTION",
    "metadata" : {
      "modelVersion" : {
        "major" : 1,
        "minor" : 0
      },
      "repoInfo" : {
        "repoHandle" : "FCAGE7ppppppppp-gt-2195033-2016-08-09T18:53:41.504Z::conn.xml"
      },
      "contextAttributes" : null,
      "additionalInfo" : {
        "description" : "Use this connection to create an opportunity in Salesforce",
        "contentType" : "application/json; charset=utf-8",
        "documentState" : "VALID"
      }
    },
    "path" : "/Explore/Default"
  } ]
}