{
  "objectInfo" : {
    "id" : "iuboCyKfbqmjFAcWuwtF4N",
    "name" : "CustomerEmail",
    "type" : "PROCESS_OBJECT",
    "metadata" : {
      "modelVersion" : {
        "major" : 1,
        "minor" : 0
      },
      "repoInfo" : {
        "repoHandle" : "fZVQU8lpDqotxGo-gt-596514-2015-01-19T15:14:05.209Z::po.xml"
      },
      "contextAttributes" : null,
      "additionalInfo" : {
        "description" : "",
        "contentType" : "application/json; charset=utf-8",
        "documentState" : "VALID"
      }
    }
  },
  "dataFileExtension" : "xml",
  "objectRefs" : [ ]
}