{
  "objectInfo" : {
    "id" : "9DfSZuxwoIagaUNEkeCiO1",
    "name" : "CustomerEmail",
    "type" : "PROCESS",
    "metadata" : {
      "modelVersion" : {
        "major" : 1,
        "minor" : 0
      },
      "repoInfo" : {
        "repoHandle" : "YJy5TRgpDqotxGo-gt-596356-2015-01-19T15:09:29.815Z::pd.xml"
      },
      "contextAttributes" : null,
      "additionalInfo" : {
        "description" : "",
        "contentType" : "application/json; charset=utf-8",
        "documentState" : "VALID"
      }
    }
  },
  "dataFileExtension" : "xml",
  "objectRefs" : [ ]
}