{
  "objectInfo" : {
    "id" : "2GBlMTWI4xGcB5YqryKtSd",
    "name" : "D. Hello User",
    "type" : "GUIDE",
    "metadata" : {
      "modelVersion" : {
        "major" : 1,
        "minor" : 0
      },
      "repoInfo" : {
        "repoHandle" : "4JsJGD4ARW8UBM7-gt-149068-2014-12-22T16:23:49.903Z::gt.xml"
      },
      "contextAttributes" : null,
      "additionalInfo" : {
        "description" : "Dev / Mobile",
        "contentType" : "application/json; charset=utf-8",
        "documentState" : "VALID"
      }
    }
  },
  "dataFileExtension" : "xml",
  "objectRefs" : [ ]
}