{
  "objectInfo" : {
    "id" : "cNldt2ctuOplQwx9XunOWy",
    "name" : "DataVault1",
    "type" : "AI_CONNECTION",
    "metadata" : {
      "modelVersion" : {
        "major" : 1,
        "minor" : 0
      },
      "repoInfo" : {
        "repoHandle" : "LEhynzYLnzYLnzY-gt-149364-2014-12-22T16:23:58.61Z::conn.xml"
      },
      "contextAttributes" : null,
      "additionalInfo" : {
        "description" : "Data Vault - ILM\n\n",
        "contentType" : "application/json; charset=utf-8",
        "documentState" : "VALID"
      }
    }
  },
  "dataFileExtension" : "xml",
  "objectRefs" : [ ]
}