{
  "objectInfo" : {
    "id" : "8IU39TG9gbPhwLlmJ1zMWr",
    "name" : "Data Integration Task Flow",
    "type" : "PROCESS",
    "metadata" : {
      "modelVersion" : {
        "major" : 1,
        "minor" : 0
      },
      "repoInfo" : {
        "repoHandle" : "whKYHPRPjAXhNUd-gt-149082-2014-12-22T16:23:50.36Z::pd.xml"
      },
      "contextAttributes" : null,
      "additionalInfo" : {
        "description" : "",
        "contentType" : "application/json; charset=utf-8",
        "documentState" : "VALID"
      }
    }
  },
  "dataFileExtension" : "xml",
  "objectRefs" : [ ]
}