{
  "objectInfo" : {
    "id" : "8hLZFIaPmJ8e7FoBO65iYE",
    "name" : "Demo Contact Info Update",
    "type" : "GUIDE",
    "metadata" : {
      "modelVersion" : {
        "major" : 1,
        "minor" : 0
      },
      "repoInfo" : {
        "repoHandle" : "hujATO9pH8sVYx8-gt-221935-2016-06-20T14:55:05.111Z::gt.xml"
      },
      "contextAttributes" : null,
      "additionalInfo" : {
        "description" : "This guide will walk you through the process of validating and updating the contact's address info",
        "contentType" : "application/json; charset=utf-8",
        "documentState" : "VALID"
      }
    }
  },
  "dataFileExtension" : "xml",
  "objectRefs" : [ ]
}