{
  "objectInfo" : {
    "id" : "6GVoJ2M3Va0gS6hvLxey60",
    "name" : "DIJob",
    "type" : "PROCESS_OBJECT",
    "metadata" : {
      "modelVersion" : {
        "major" : 1,
        "minor" : 0
      },
      "repoInfo" : {
        "repoHandle" : "Z9cjIw8jIw8jIw8-gt-607479-2015-03-17T13:58:13.824Z::po.xml"
      },
      "contextAttributes" : null,
      "additionalInfo" : {
        "description" : "",
        "contentType" : "application/json; charset=utf-8",
        "documentState" : "INVALID"
      }
    }
  },
  "dataFileExtension" : "xml",
  "objectRefs" : [ ]
}