{
  "objectInfo" : {
    "id" : "kAXEM5zJ5ihex6kehpMkOk",
    "name" : "DisplayAccountInfo",
    "type" : "GUIDE",
    "metadata" : {
      "modelVersion" : {
        "major" : 1,
        "minor" : 0
      },
      "repoInfo" : {
        "repoHandle" : "ZL8yAzbdtqSLlBW-gt-217529-2016-01-23T01:34:15.828Z::gt.xml"
      },
      "contextAttributes" : null,
      "additionalInfo" : {
        "description" : "",
        "contentType" : "application/json; charset=utf-8",
        "documentState" : "VALID"
      }
    }
  },
  "dataFileExtension" : "xml",
  "objectRefs" : [ ]
}