{
  "objectInfo" : {
    "id" : "8otfWMKe8MjkAWIMoajgaf",
    "name" : "DnB Company Info",
    "type" : "GUIDE",
    "metadata" : {
      "modelVersion" : {
        "major" : 1,
        "minor" : 0
      },
      "repoInfo" : {
        "repoHandle" : "eLyCnNZPD4ARW8U-gt-149010-2014-12-22T16:23:46.078Z::gt.xml"
      },
      "contextAttributes" : null,
      "additionalInfo" : {
        "description" : "",
        "contentType" : "application/json; charset=utf-8",
        "documentState" : "VALID"
      }
    }
  },
  "dataFileExtension" : "xml",
  "objectRefs" : [ ]
}