{
  "objectInfo" : {
    "id" : "buX52ySzc2lkn0lgmrwnQR",
    "name" : "DnB Sales and Marketing",
    "type" : "AI_SERVICE_CONNECTOR",
    "metadata" : {
      "modelVersion" : {
        "major" : 1,
        "minor" : 0
      },
      "repoInfo" : {
        "repoHandle" : "nNZPD4ARW8UBM7z-gt-148744-2014-12-22T16:23:38.215Z::svc.xml"
      },
      "contextAttributes" : null,
      "additionalInfo" : {
        "description" : "Give it a shot by entering your key and the values for the below methods",
        "contentType" : "application/json; charset=utf-8",
        "documentState" : "VALID"
      }
    }
  },
  "dataFileExtension" : "xml",
  "objectRefs" : [ ]
}