{
  "objectInfo" : {
    "id" : "2HaA3mdJ6Ogf6EDpm2Kpq7",
    "name" : "DocPrep",
    "type" : "PROCESS",
    "metadata" : {
      "modelVersion" : {
        "major" : 1,
        "minor" : 0
      },
      "repoInfo" : {
        "repoHandle" : "EZ5Hhwq9bdsreK8-gt-1464213-2015-12-21T17:12:49.488Z::pd.xml"
      },
      "contextAttributes" : null,
      "additionalInfo" : {
        "description" : "",
        "contentType" : "application/json; charset=utf-8",
        "documentState" : "VALID"
      }
    }
  },
  "dataFileExtension" : "xml",
  "objectRefs" : [ ]
}