{
  "objectInfo" : {
    "id" : "cyj0LNUYGGgeBoeYKig72D",
    "name" : "DoInsertList",
    "type" : "PROCESS",
    "metadata" : {
      "modelVersion" : {
        "major" : 1,
        "minor" : 0
      },
      "repoInfo" : {
        "repoHandle" : "hJEaaaaaaaaaaaa-gt-92321-2015-02-11T17:30:19.125Z::pd.xml"
      },
      "contextAttributes" : null,
      "additionalInfo" : {
        "description" : "test",
        "contentType" : "application/json; charset=utf-8",
        "documentState" : "VALID"
      }
    }
  },
  "dataFileExtension" : "xml",
  "objectRefs" : [ ]
}