{
  "objectInfo" : {
    "id" : "2ZcFdO3DyWghsNlC34rbKd",
    "name" : "DoInsert",
    "type" : "PROCESS",
    "metadata" : {
      "modelVersion" : {
        "major" : 1,
        "minor" : 0
      },
      "repoInfo" : {
        "repoHandle" : "9pNz6HKoJBUhtyc-gt-87996-2015-02-11T15:00:07.976Z::pd.xml"
      },
      "contextAttributes" : null,
      "additionalInfo" : {
        "description" : "test",
        "contentType" : "application/json; charset=utf-8",
        "documentState" : "VALID"
      }
    }
  },
  "dataFileExtension" : "xml",
  "objectRefs" : [ {
    "id" : "2yP4IG0A1yZlRi5Wjp7FUA",
    "name" : "insertEvent",
    "type" : "PROCESS_OBJECT",
    "metadata" : {
      "modelVersion" : {
        "major" : 1,
        "minor" : 0
      },
      "repoInfo" : {
        "repoHandle" : "rteIssjqluQgabc-gt-7728-2015-02-08T21:47:32.288Z::po.xml"
      },
      "contextAttributes" : null,
      "additionalInfo" : {
        "description" : "",
        "contentType" : "application/json; charset=utf-8",
        "documentState" : "VALID"
      }
    },
    "path" : "/Explore/Default"
  } ]
}