{
  "objectInfo" : {
    "id" : "52c4YyOnqyTi3swsGUoTeO",
    "name" : "DoUpdateList",
    "type" : "PROCESS",
    "metadata" : {
      "modelVersion" : {
        "major" : 1,
        "minor" : 0
      },
      "repoInfo" : {
        "repoHandle" : "T6JfOMWSwxF1T4W-gt-92510-2015-02-11T17:34:11.734Z::pd.xml"
      },
      "contextAttributes" : null,
      "additionalInfo" : {
        "description" : "test",
        "contentType" : "application/json; charset=utf-8",
        "documentState" : "VALID"
      }
    }
  },
  "dataFileExtension" : "xml",
  "objectRefs" : [ ]
}