{
  "objectInfo" : {
    "id" : "2Pg8o8rGP2Dis2elmS3Uuo",
    "name" : "Download File",
    "type" : "PROCESS",
    "metadata" : {
      "modelVersion" : {
        "major" : 1,
        "minor" : 0
      },
      "repoInfo" : {
        "repoHandle" : "01BchMYeOm6S6fP-gt-2625-2014-09-05T21:14:34.984Z::pd.xml"
      },
      "contextAttributes" : null,
      "additionalInfo" : {
        "description" : "",
        "contentType" : "application/json; charset=utf-8",
        "documentState" : "VALID"
      }
    }
  },
  "dataFileExtension" : "xml",
  "objectRefs" : [ ]
}