{
  "objectInfo" : {
    "id" : "a6YE4DbYn43dm4M1N2XDYr",
    "name" : "DR_Wrkworkertest",
    "type" : "DTEMPLATE",
    "metadata" : {
      "modelVersion" : {
        "major" : 0,
        "minor" : 0
      },
      "repoInfo" : {
        "repoHandle" : "000QJ11700000000002B"
      },
      "contextAttributes" : [ {
        "name" : "id",
        "value" : "@1"
      } ],
      "additionalInfo" : {
        "description" : "",
        "contentType" : "JSON",
        "documentState" : "INVALID"
      }
    }
  },
  "dataFileExtension" : "zip",
  "objectRefs" : [ {
    "id" : "2QXWqh6EoiXjzmNUxLSaOD",
    "name" : "DR_conn_workday_v26_2",
    "type" : "Connection",
    "metadata" : {
      "modelVersion" : {
        "major" : 0,
        "minor" : 0
      },
      "repoInfo" : {
        "repoHandle" : "000QJ10B00000000002D"
      },
      "contextAttributes" : null,
      "additionalInfo" : {
        "description" : "informatica_gms1 workday tenant",
        "contentType" : "JSON",
        "documentState" : "VALID"
      }
    },
    "path" : "/SYS"
  } ]
}