{
  "objectInfo" : {
    "id" : "eSJBcASA1qyjxYxslXfruz",
    "name" : "DR_wkdy",
    "type" : "DTEMPLATE",
    "metadata" : {
      "modelVersion" : {
        "major" : 0,
        "minor" : 0
      },
      "repoInfo" : {
        "repoHandle" : "000QJ117000000000026"
      },
      "contextAttributes" : [ {
        "name" : "id",
        "value" : "@1"
      } ],
      "additionalInfo" : {
        "description" : "",
        "contentType" : "JSON",
        "documentState" : "VALID"
      }
    }
  },
  "dataFileExtension" : "zip",
  "objectRefs" : [ {
    "id" : "2QXWqh6EoiXjzmNUxLSaOD",
    "name" : "DR_conn_workday_v26_2",
    "type" : "Connection",
    "metadata" : {
      "modelVersion" : {
        "major" : 0,
        "minor" : 0
      },
      "repoInfo" : {
        "repoHandle" : "000QJ10B00000000002D"
      },
      "contextAttributes" : null,
      "additionalInfo" : {
        "description" : "informatica_gms1 workday tenant",
        "contentType" : "JSON",
        "documentState" : "VALID"
      }
    },
    "path" : "/SYS"
  }, {
    "id" : "2kWuvCPkm4yecStyvON2AZ",
    "name" : "DR_FF",
    "type" : "Connection",
    "metadata" : {
      "modelVersion" : {
        "major" : 0,
        "minor" : 0
      },
      "repoInfo" : {
        "repoHandle" : "000QJ10B00000000002C"
      },
      "contextAttributes" : null,
      "additionalInfo" : {
        "description" : "Dereks FF connection",
        "contentType" : "JSON",
        "documentState" : "VALID"
      }
    },
    "path" : "/SYS"
  } ]
}