{
  "objectInfo" : {
    "id" : "bU4QsaLToknkcKKI9EcfKJ",
    "name" : "DTBPELSvcCn",
    "type" : "AI_SERVICE_CONNECTOR",
    "metadata" : {
      "modelVersion" : {
        "major" : 1,
        "minor" : 0
      },
      "repoInfo" : {
        "repoHandle" : "PP38nXxpr1Iw8jI-gt-96938-2015-07-06T19:38:15.668Z::svc.xml"
      },
      "contextAttributes" : null,
      "additionalInfo" : {
        "description" : "",
        "contentType" : "application/json; charset=utf-8",
        "documentState" : "VALID"
      }
    }
  },
  "dataFileExtension" : "xml",
  "objectRefs" : [ ]
}