{
  "objectInfo" : {
    "id" : "8ntpigpXWpRlWSSKetihep",
    "name" : "Echo",
    "type" : "PROCESS",
    "metadata" : {
      "modelVersion" : {
        "major" : 1,
        "minor" : 0
      },
      "repoInfo" : {
        "repoHandle" : "fXs3C6LlRkPUEbf-gt-149174-2014-12-22T16:23:53.089Z::pd.xml"
      },
      "contextAttributes" : null,
      "additionalInfo" : {
        "description" : "",
        "contentType" : "application/json; charset=utf-8",
        "documentState" : "VALID"
      }
    }
  },
  "dataFileExtension" : "xml",
  "objectRefs" : [ ]
}