{
  "objectInfo" : {
    "id" : "5Ww1G6CHgo8gz60pwXVaSu",
    "name" : "EchoWrapper",
    "type" : "PROCESS",
    "metadata" : {
      "modelVersion" : {
        "major" : 1,
        "minor" : 0
      },
      "repoInfo" : {
        "repoHandle" : "xVeIXycotFgpKi9-gt29495040-2014-08-18T19:43:08.038Z::pd.xml"
      },
      "contextAttributes" : null,
      "additionalInfo" : {
        "description" : "",
        "contentType" : "application/json; charset=utf-8",
        "documentState" : "VALID"
      }
    }
  },
  "dataFileExtension" : "xml",
  "objectRefs" : [ {
    "id" : "fIlYrDFxySwcVPJKOp5yG4",
    "name" : "CokeEchoService",
    "type" : "AI_CONNECTION",
    "metadata" : {
      "modelVersion" : {
        "major" : 1,
        "minor" : 0
      },
      "repoInfo" : {
        "repoHandle" : "DkcmgaabclvAhrs-gt29457152-2014-08-18T19:14:44.48Z::conn.xml"
      },
      "contextAttributes" : null,
      "additionalInfo" : {
        "description" : "",
        "contentType" : "application/json; charset=utf-8",
        "documentState" : "VALID"
      }
    },
    "path" : "/Explore/Default"
  } ]
}