{
  "objectInfo" : {
    "id" : "7r7WMZUApwTlbEj3lamDO0",
    "name" : "EdmundsHierarchyTests",
    "type" : "AI_SERVICE_CONNECTOR",
    "metadata" : {
      "modelVersion" : {
        "major" : 1,
        "minor" : 0
      },
      "repoInfo" : {
        "repoHandle" : "bdpsaaaa-gt-149428-2014-12-22T16:24:00.402Z::svc.xml"
      },
      "contextAttributes" : null,
      "additionalInfo" : {
        "description" : "Interacts with Edmunds car services.",
        "contentType" : "application/json; charset=utf-8",
        "documentState" : "VALID"
      }
    }
  },
  "dataFileExtension" : "xml",
  "objectRefs" : [ ]
}