{
  "objectInfo" : {
    "id" : "4RH0tfIpfIhjRO1fwffPE5",
    "name" : "Edmunds",
    "type" : "AI_CONNECTION",
    "metadata" : {
      "modelVersion" : {
        "major" : 1,
        "minor" : 0
      },
      "repoInfo" : {
        "repoHandle" : "huR55aaabdqpw0V-gt-148834-2014-12-22T16:23:41.115Z::conn.xml"
      },
      "contextAttributes" : null,
      "additionalInfo" : {
        "description" : "Edmunds Services ",
        "contentType" : "application/json; charset=utf-8",
        "documentState" : "VALID"
      }
    }
  },
  "dataFileExtension" : "xml",
  "objectRefs" : [ {
    "id" : "3RnZr5Q2cQ5ia27AR889Gq",
    "name" : "Edmunds-Vehicles",
    "type" : "AI_SERVICE_CONNECTOR",
    "metadata" : {
      "modelVersion" : {
        "major" : 1,
        "minor" : 0
      },
      "repoInfo" : {
        "repoHandle" : "CCTLPXUCZ4nzYLn-gt-149188-2014-12-22T16:23:53.463Z::svc.xml"
      },
      "contextAttributes" : null,
      "additionalInfo" : {
        "description" : "Interacts with Edmunds car services.",
        "contentType" : "application/json; charset=utf-8",
        "documentState" : "VALID"
      }
    },
    "path" : "/Explore/Default"
  } ]
}