{
  "objectInfo" : {
    "id" : "iy7jj7QNzGylbZdON0w5O2",
    "name" : "Edmunds Car Makes PP",
    "type" : "GUIDE",
    "metadata" : {
      "modelVersion" : {
        "major" : 1,
        "minor" : 0
      },
      "repoInfo" : {
        "repoHandle" : "lCYAOTMneBjrabc-gt-149320-2014-12-22T16:23:57.186Z::gt.xml"
      },
      "contextAttributes" : null,
      "additionalInfo" : {
        "description" : "",
        "contentType" : "application/json; charset=utf-8",
        "documentState" : "VALID"
      }
    }
  },
  "dataFileExtension" : "xml",
  "objectRefs" : [ ]
}