{
  "objectInfo" : {
    "id" : "3vRW3AVBtb2lGXPQfmDp6E",
    "name" : "Edmunds2 Process All Car Makes",
    "type" : "PROCESS",
    "metadata" : {
      "modelVersion" : {
        "major" : 1,
        "minor" : 0
      },
      "repoInfo" : {
        "repoHandle" : "YMnS24FsWTzIf6r-gt-148728-2014-12-22T16:23:37.816Z::pd.xml"
      },
      "contextAttributes" : null,
      "additionalInfo" : {
        "description" : "Get list of 2014 car makes from Edmunds and call a process on each make.",
        "contentType" : "application/json; charset=utf-8",
        "documentState" : "VALID"
      }
    }
  },
  "dataFileExtension" : "xml",
  "objectRefs" : [ ]
}