{
  "objectInfo" : {
    "id" : "6xpwynp6nmRjY7jaVS0bCA",
    "name" : "Edmunds2 Act on Car Make",
    "type" : "PROCESS",
    "metadata" : {
      "modelVersion" : {
        "major" : 1,
        "minor" : 0
      },
      "repoInfo" : {
        "repoHandle" : "ttclq1iUsRvsGRv-gt-149146-2014-12-22T16:23:52.321Z::pd.xml"
      },
      "contextAttributes" : null,
      "additionalInfo" : {
        "description" : "",
        "contentType" : "application/json; charset=utf-8",
        "documentState" : "VALID"
      }
    }
  },
  "dataFileExtension" : "xml",
  "objectRefs" : [ ]
}