{
  "objectInfo" : {
    "id" : "0gwf5JwV08whgc2Pp2bzm8",
    "name" : "Edmunds Car Makes",
    "type" : "GUIDE",
    "metadata" : {
      "modelVersion" : {
        "major" : 1,
        "minor" : 0
      },
      "repoInfo" : {
        "repoHandle" : "nHUPAZf5kck8jKB-gt-149288-2014-12-22T16:23:56.213Z::gt.xml"
      },
      "contextAttributes" : null,
      "additionalInfo" : {
        "description" : "",
        "contentType" : "application/json; charset=utf-8",
        "documentState" : "VALID"
      }
    }
  },
  "dataFileExtension" : "xml",
  "objectRefs" : [ ]
}