{
  "objectInfo" : {
    "id" : "3RnZr5Q2cQ5ia27AR889Gq",
    "name" : "Edmunds-Vehicles",
    "type" : "AI_SERVICE_CONNECTOR",
    "metadata" : {
      "modelVersion" : {
        "major" : 1,
        "minor" : 0
      },
      "repoInfo" : {
        "repoHandle" : "CCTLPXUCZ4nzYLn-gt-149188-2014-12-22T16:23:53.463Z::svc.xml"
      },
      "contextAttributes" : null,
      "additionalInfo" : {
        "description" : "Interacts with Edmunds car services.",
        "contentType" : "application/json; charset=utf-8",
        "documentState" : "VALID"
      }
    }
  },
  "dataFileExtension" : "xml",
  "objectRefs" : [ ]
}