{
  "objectInfo" : {
    "id" : "aMdN1O4BgwAf8h4gKjNp8C",
    "name" : "EloquaCloudART-MR-Steps",
    "type" : "AI_SERVICE_CONNECTOR",
    "metadata" : {
      "modelVersion" : {
        "major" : 1,
        "minor" : 0
      },
      "repoInfo" : {
        "repoHandle" : "opz4KhPVEQrXhNU-gt-149252-2014-12-22T16:23:55.229Z::svc.xml"
      },
      "contextAttributes" : null,
      "additionalInfo" : {
        "description" : "",
        "contentType" : "application/json; charset=utf-8",
        "documentState" : "VALID"
      }
    }
  },
  "dataFileExtension" : "xml",
  "objectRefs" : [ ]
}