{
  "objectInfo" : {
    "id" : "a3OSYkNQSQBfbAGHvhViOU",
    "name" : "EloquaCloudART",
    "type" : "AI_SERVICE_CONNECTOR",
    "metadata" : {
      "modelVersion" : {
        "major" : 1,
        "minor" : 0
      },
      "repoInfo" : {
        "repoHandle" : "qcgm8lnCmp6oIuQ-gt-149216-2014-12-22T16:23:54.265Z::svc.xml"
      },
      "contextAttributes" : null,
      "additionalInfo" : {
        "description" : "",
        "contentType" : "application/json; charset=utf-8",
        "documentState" : "VALID"
      }
    }
  },
  "dataFileExtension" : "xml",
  "objectRefs" : [ ]
}