{
  "objectInfo" : {
    "id" : "8xT0lO9rqY0bT2LK1brDeF",
    "name" : "EloquaCloudART-PJ",
    "type" : "AI_SERVICE_CONNECTOR",
    "metadata" : {
      "modelVersion" : {
        "major" : 1,
        "minor" : 0
      },
      "repoInfo" : {
        "repoHandle" : "f13ErhNzUzeA8rJ-gt-149446-2014-12-22T16:24:00.9Z::svc.xml"
      },
      "contextAttributes" : null,
      "additionalInfo" : {
        "description" : "",
        "contentType" : "application/json; charset=utf-8",
        "documentState" : "VALID"
      }
    }
  },
  "dataFileExtension" : "xml",
  "objectRefs" : [ ]
}