{
  "objectInfo" : {
    "id" : "6Q4H5kU0As2hIffs0l2QQ9",
    "name" : "Email Invitations",
    "type" : "GUIDE",
    "metadata" : {
      "modelVersion" : {
        "major" : 1,
        "minor" : 0
      },
      "repoInfo" : {
        "repoHandle" : "67FNBeNTYglxbdy-gt31335552-2014-08-21T21:13:48.927Z::gt.xml"
      },
      "contextAttributes" : null,
      "additionalInfo" : {
        "description" : "Sends a calendar invitation to the event owner with a link to a wizard to run after the meeting. It also sends invitations to other invitees, if desired.",
        "contentType" : "application/json; charset=utf-8",
        "documentState" : "VALID"
      }
    }
  },
  "dataFileExtension" : "xml",
  "objectRefs" : [ ]
}