{
  "objectInfo" : {
    "id" : "5cugfNNx3yLlliy9BupH4i",
    "name" : "Employees",
    "type" : "PROCESS_OBJECT",
    "metadata" : {
      "modelVersion" : {
        "major" : 1,
        "minor" : 0
      },
      "repoInfo" : {
        "repoHandle" : "IyCEx9dwMbgbdoP-gt-45640263-2017-10-11T03:05:05.513Z::po.xml"
      },
      "contextAttributes" : null,
      "additionalInfo" : {
        "description" : "Employees",
        "contentType" : "application/json; charset=utf-8",
        "documentState" : "VALID"
      }
    }
  },
  "dataFileExtension" : "xml",
  "objectRefs" : [ ]
}