{
  "objectInfo" : {
    "id" : "aydwwVYriCrgL53LKOXTqb",
    "name" : "EmployeeInfo",
    "type" : "PROCESS_OBJECT",
    "metadata" : {
      "modelVersion" : {
        "major" : 1,
        "minor" : 0
      },
      "repoInfo" : {
        "repoHandle" : "H9ln6lRuImXycot-gt-45640257-2017-10-11T03:05:05.475Z::po.xml"
      },
      "contextAttributes" : null,
      "additionalInfo" : {
        "description" : "Employee",
        "contentType" : "application/json; charset=utf-8",
        "documentState" : "VALID"
      }
    }
  },
  "dataFileExtension" : "xml",
  "objectRefs" : [ ]
}