{
  "objectInfo" : {
    "id" : "iW4ihd1oay2lyOxswV070C",
    "name" : "Employee",
    "type" : "PROCESS_OBJECT",
    "metadata" : {
      "modelVersion" : {
        "major" : 1,
        "minor" : 0
      },
      "repoInfo" : {
        "repoHandle" : "Nx46hyifPNzUzeA-gt29900032-2014-08-19T13:56:13.635Z::po.xml"
      },
      "contextAttributes" : null,
      "additionalInfo" : {
        "description" : "Represents an employee",
        "contentType" : "application/json; charset=utf-8",
        "documentState" : "VALID"
      }
    }
  },
  "dataFileExtension" : "xml",
  "objectRefs" : [ ]
}