{
  "objectInfo" : {
    "id" : "3SNWmtWOpECgBAMGxXIhow",
    "name" : "Employee-1",
    "type" : "PROCESS_OBJECT",
    "metadata" : {
      "modelVersion" : {
        "major" : 1,
        "minor" : 0
      },
      "repoInfo" : {
        "repoHandle" : "Dpu4JsJGD4ARW8U-gt-148810-2014-12-22T16:23:40.482Z::po.xml"
      },
      "contextAttributes" : null,
      "additionalInfo" : {
        "description" : "Represents an employee",
        "contentType" : "application/json; charset=utf-8",
        "documentState" : "VALID"
      }
    }
  },
  "dataFileExtension" : "xml",
  "objectRefs" : [ ]
}