{
  "objectInfo" : {
    "id" : "06kOrdw6RQye7FqOPPN6qo",
    "name" : "EnrichContact",
    "type" : "GUIDE",
    "metadata" : {
      "modelVersion" : {
        "major" : 1,
        "minor" : 0
      },
      "repoInfo" : {
        "repoHandle" : "J9ARJi4tciSrZMS-gt-572427-2016-01-24T12:30:47.574Z::gt.xml"
      },
      "contextAttributes" : null,
      "additionalInfo" : {
        "description" : "",
        "contentType" : "application/json; charset=utf-8",
        "documentState" : "VALID"
      }
    }
  },
  "dataFileExtension" : "xml",
  "objectRefs" : [ {
    "id" : "aCzPqmG2eYBfPR8vmLAume",
    "name" : "Salesforce",
    "type" : "AI_CONNECTION",
    "metadata" : {
      "modelVersion" : {
        "major" : 1,
        "minor" : 0
      },
      "repoInfo" : {
        "repoHandle" : "KMMP5gjn9OQcjoY-gt-1018856-2015-03-26T16:04:32.588Z::conn.xml"
      },
      "contextAttributes" : null,
      "additionalInfo" : {
        "description" : "active as of Aug-2019, related to dev SFDC account.  Contact jjudy@infa",
        "contentType" : "application/json; charset=utf-8",
        "documentState" : "VALID"
      }
    },
    "path" : "/Explore/Default"
  } ]
}