{
  "objectInfo" : {
    "id" : "8j2dOpPs9oDjh8sR9dmG82",
    "name" : "Event Cvent 2 SFDC",
    "type" : "PROCESS",
    "metadata" : {
      "modelVersion" : {
        "major" : 1,
        "minor" : 0
      },
      "repoInfo" : {
        "repoHandle" : "IS7T1cnFKi9zhFt-gt-1706995-2016-05-25T18:26:24.554Z::pd.xml"
      },
      "contextAttributes" : null,
      "additionalInfo" : {
        "description" : "",
        "contentType" : "application/json; charset=utf-8",
        "documentState" : "VALID"
      }
    }
  },
  "dataFileExtension" : "xml",
  "objectRefs" : [ ]
}