{
  "objectInfo" : {
    "id" : "iTHmE0VXCYGgaV5cTcd2KR",
    "name" : "Event Cvent 2 SFDC 4 Custom Meeting",
    "type" : "PROCESS",
    "metadata" : {
      "modelVersion" : {
        "major" : 1,
        "minor" : 0
      },
      "repoInfo" : {
        "repoHandle" : "31CHdqwx8R8WrY1-gt-1713742-2016-05-25T18:33:45.882Z::pd.xml"
      },
      "contextAttributes" : null,
      "additionalInfo" : {
        "description" : "",
        "contentType" : "application/json; charset=utf-8",
        "documentState" : "VALID"
      }
    }
  },
  "dataFileExtension" : "xml",
  "objectRefs" : [ ]
}