{
  "objectInfo" : {
    "id" : "5RrFRZ1q9eJh8fT99r8jCj",
    "name" : "ExecutePTT",
    "type" : "PROCESS",
    "metadata" : {
      "modelVersion" : {
        "major" : 1,
        "minor" : 0
      },
      "repoInfo" : {
        "repoHandle" : "FZvWMOxBchzt1Y6-gt-426377-2015-03-11T23:22:16.508Z::pd.xml"
      },
      "contextAttributes" : null,
      "additionalInfo" : {
        "description" : "",
        "contentType" : "application/json; charset=utf-8",
        "documentState" : "VALID"
      }
    }
  },
  "dataFileExtension" : "xml",
  "objectRefs" : [ {
    "id" : "0ktbWrTazghgGoL0cYW4Ux",
    "name" : "RealTimePriceMultiRequest",
    "type" : "PROCESS_OBJECT",
    "metadata" : {
      "modelVersion" : {
        "major" : 1,
        "minor" : 0
      },
      "repoInfo" : {
        "repoHandle" : "pnzYLnzYLnzYLnz-gt-426369-2015-03-11T23:22:16.249Z::po.xml"
      },
      "contextAttributes" : null,
      "additionalInfo" : {
        "description" : "",
        "contentType" : "application/json; charset=utf-8",
        "documentState" : "VALID"
      }
    },
    "path" : "/Explore/Default"
  } ]
}