{
  "objectInfo" : {
    "id" : "6WAl47SAhkXcTHfIptnVmN",
    "name" : "ExpeditedPurchase",
    "type" : "PROCESS",
    "metadata" : {
      "modelVersion" : {
        "major" : 1,
        "minor" : 0
      },
      "repoInfo" : {
        "repoHandle" : "6CjqFVNN5Kaaabb-gt-149036-2014-12-22T16:23:46.935Z::pd.xml"
      },
      "contextAttributes" : null,
      "additionalInfo" : {
        "description" : "Automated service for partners to make purchases.",
        "contentType" : "application/json; charset=utf-8",
        "documentState" : "VALID"
      }
    }
  },
  "dataFileExtension" : "xml",
  "objectRefs" : [ {
    "id" : "aCzPqmG2eYBfPR8vmLAume",
    "name" : "Salesforce",
    "type" : "AI_CONNECTION",
    "metadata" : {
      "modelVersion" : {
        "major" : 1,
        "minor" : 0
      },
      "repoInfo" : {
        "repoHandle" : "KMMP5gjn9OQcjoY-gt-1018856-2015-03-26T16:04:32.588Z::conn.xml"
      },
      "contextAttributes" : null,
      "additionalInfo" : {
        "description" : "active as of Aug-2019, related to dev SFDC account.  Contact jjudy@infa",
        "contentType" : "application/json; charset=utf-8",
        "documentState" : "VALID"
      }
    },
    "path" : "/Explore/Default"
  }, {
    "id" : "aFmyxFw2Smse4ne4gmS6Cw",
    "name" : "Fulfillment Process",
    "type" : "PROCESS",
    "metadata" : {
      "modelVersion" : {
        "major" : 1,
        "minor" : 0
      },
      "repoInfo" : {
        "repoHandle" : "R3aaa-gt-148924-2014-12-22T16:23:43.706Z::pd.xml"
      },
      "contextAttributes" : null,
      "additionalInfo" : {
        "description" : "Invoked by \"ExpeditedPurchase\"",
        "contentType" : "application/json; charset=utf-8",
        "documentState" : "VALID"
      }
    },
    "path" : "/Explore/Default"
  }, {
    "id" : "iQOmONq0QYblsD0kfn20iw",
    "name" : "PartsPricingData",
    "type" : "AI_CONNECTION",
    "metadata" : {
      "modelVersion" : {
        "major" : 1,
        "minor" : 0
      },
      "repoInfo" : {
        "repoHandle" : "VOJ2oTVMTonQYWe-gt-149470-2014-12-22T16:24:01.677Z::conn.xml"
      },
      "contextAttributes" : null,
      "additionalInfo" : {
        "description" : "",
        "contentType" : "application/json; charset=utf-8",
        "documentState" : "VALID"
      }
    },
    "path" : "/Explore/Default"
  } ]
}