{
  "objectInfo" : {
    "id" : "5RWNIKwrT10fHuThdBLAAe",
    "name" : "Expedited Purchase v2",
    "type" : "PROCESS",
    "metadata" : {
      "modelVersion" : {
        "major" : 1,
        "minor" : 0
      },
      "repoInfo" : {
        "repoHandle" : "CS7FdpOfTRgpDqo-gt-148886-2014-12-22T16:23:42.455Z::pd.xml"
      },
      "contextAttributes" : null,
      "additionalInfo" : {
        "description" : "Automated service for partners to make purchases. Invokes the \"Expedited Fulfillment\" process.",
        "contentType" : "application/json; charset=utf-8",
        "documentState" : "VALID"
      }
    }
  },
  "dataFileExtension" : "xml",
  "objectRefs" : [ ]
}