{
  "objectInfo" : {
    "id" : "8TOCz9lZ4jyhZL03vHWcAk",
    "name" : "ExpoRESTAPI",
    "type" : "AI_CONNECTION",
    "metadata" : {
      "modelVersion" : {
        "major" : 1,
        "minor" : 0
      },
      "repoInfo" : {
        "repoHandle" : "G1WFsWTzIf6riX2-gt-149226-2014-12-22T16:23:54.518Z::conn.xml"
      },
      "contextAttributes" : null,
      "additionalInfo" : {
        "description" : "Connection Attribute for the ICS Expo Org",
        "contentType" : "application/json; charset=utf-8",
        "documentState" : "VALID"
      }
    }
  },
  "dataFileExtension" : "xml",
  "objectRefs" : [ ]
}