{
  "objectInfo" : {
    "id" : "96SBv7XyXefdkFNfwRgtQu",
    "name" : "FaultInfoPO",
    "type" : "PROCESS_OBJECT",
    "metadata" : {
      "modelVersion" : {
        "major" : 1,
        "minor" : 0
      },
      "repoInfo" : {
        "repoHandle" : "mn9OQcjoYsjqluQ-gt-5940087-2016-02-02T16:58:24.205Z::po.xml"
      },
      "contextAttributes" : null,
      "additionalInfo" : {
        "description" : "",
        "contentType" : "application/json; charset=utf-8",
        "documentState" : "VALID"
      }
    }
  },
  "dataFileExtension" : "xml",
  "objectRefs" : [ ]
}