{
  "objectInfo" : {
    "id" : "6o5DzNqi7DoiHhPXyqE0qf",
    "name" : "FileConnection-3",
    "type" : "AI_CONNECTION",
    "metadata" : {
      "modelVersion" : {
        "major" : 1,
        "minor" : 0
      },
      "repoInfo" : {
        "repoHandle" : "6VkWlwUiQLnzYLn-gt-17453149-2017-08-28T20:52:11.931Z::conn.xml"
      },
      "contextAttributes" : null,
      "additionalInfo" : {
        "description" : "",
        "contentType" : "application/json; charset=utf-8",
        "documentState" : "VALID"
      }
    }
  },
  "dataFileExtension" : "xml",
  "objectRefs" : [ ]
}