{
  "objectInfo" : {
    "id" : "5TgHW6qN2QcgvAHZjRhY8j",
    "name" : "FileConnection-1",
    "type" : "AI_CONNECTION",
    "metadata" : {
      "modelVersion" : {
        "major" : 1,
        "minor" : 0
      },
      "repoInfo" : {
        "repoHandle" : "n7QnG5YLnzYLnzY-gt-250968-2016-04-25T13:23:22Z::conn.xml"
      },
      "contextAttributes" : null,
      "additionalInfo" : {
        "description" : "",
        "contentType" : "application/json; charset=utf-8",
        "documentState" : "VALID"
      }
    }
  },
  "dataFileExtension" : "xml",
  "objectRefs" : [ ]
}