{
  "objectInfo" : {
    "id" : "2ZxDhApuzO8iWJOFRNO0w1",
    "name" : "FileCO",
    "type" : "PROCESS_OBJECT",
    "metadata" : {
      "modelVersion" : {
        "major" : 1,
        "minor" : 0
      },
      "repoInfo" : {
        "repoHandle" : "Icn6Hbf13ErhNzU-gt-3269801-2015-10-28T01:25:08.557Z::po.xml"
      },
      "contextAttributes" : null,
      "additionalInfo" : {
        "description" : "",
        "contentType" : "application/json; charset=utf-8",
        "documentState" : "VALID"
      }
    }
  },
  "dataFileExtension" : "xml",
  "objectRefs" : [ ]
}