{
  "objectInfo" : {
    "id" : "hNS2xCJF4sQcN11sVdV08i",
    "name" : "FileProcessorWrapper",
    "type" : "PROCESS",
    "metadata" : {
      "modelVersion" : {
        "major" : 1,
        "minor" : 0
      },
      "repoInfo" : {
        "repoHandle" : "uSRCU7uMydx2CGe-gt29749888-2014-08-19T02:42:30.327Z::pd.xml"
      },
      "contextAttributes" : null,
      "additionalInfo" : {
        "description" : "",
        "contentType" : "application/json; charset=utf-8",
        "documentState" : "VALID"
      }
    }
  },
  "dataFileExtension" : "xml",
  "objectRefs" : [ ]
}