{
  "objectInfo" : {
    "id" : "cMKyIxADIOag1BhZ0Bo7AC",
    "name" : "FileConnection-2",
    "type" : "AI_CONNECTION",
    "metadata" : {
      "modelVersion" : {
        "major" : 1,
        "minor" : 0
      },
      "repoInfo" : {
        "repoHandle" : "Wt6BCQrXhNUdyOo-gt-268554-2016-04-25T13:48:29.789Z::conn.xml"
      },
      "contextAttributes" : null,
      "additionalInfo" : {
        "description" : "",
        "contentType" : "application/json; charset=utf-8",
        "documentState" : "VALID"
      }
    }
  },
  "dataFileExtension" : "xml",
  "objectRefs" : [ ]
}