{
  "objectInfo" : {
    "id" : "ikaRMIWGdElklwWVfElPcR",
    "name" : "GAProcessInput",
    "type" : "PROCESS_OBJECT",
    "metadata" : {
      "modelVersion" : {
        "major" : 1,
        "minor" : 0
      },
      "repoInfo" : {
        "repoHandle" : "XvzFBwLjBeE1KoJ-gt-7740-2014-10-08T18:21:20.802Z::po.xml"
      },
      "contextAttributes" : null,
      "additionalInfo" : {
        "description" : "Updated from WF-Consume",
        "contentType" : "application/json; charset=utf-8",
        "documentState" : "VALID"
      }
    }
  },
  "dataFileExtension" : "xml",
  "objectRefs" : [ {
    "id" : "9Wei5KaO36bcJ5ei3zBQqo",
    "name" : "GAProcessInputSub",
    "type" : "PROCESS_OBJECT",
    "metadata" : {
      "modelVersion" : {
        "major" : 1,
        "minor" : 0
      },
      "repoInfo" : {
        "repoHandle" : "CvFtspiRASmvD4t-gt-7750-2014-10-08T18:21:52.46Z::po.xml"
      },
      "contextAttributes" : null,
      "additionalInfo" : {
        "description" : "",
        "contentType" : "application/json; charset=utf-8",
        "documentState" : "VALID"
      }
    },
    "path" : "/Explore/Default"
  } ]
}