{
  "objectInfo" : {
    "id" : "bRPLBQf1x4qlfzyCtE0wKW",
    "name" : "GARestLocalV2",
    "type" : "AI_SERVICE_CONNECTOR",
    "metadata" : {
      "modelVersion" : {
        "major" : 1,
        "minor" : 0
      },
      "repoInfo" : {
        "repoHandle" : "ATO9pH8sVYx8R8W-gt-9159-2014-09-18T19:13:21.421Z::svc.xml"
      },
      "contextAttributes" : null,
      "additionalInfo" : {
        "description" : "",
        "contentType" : "application/json; charset=utf-8",
        "documentState" : "VALID"
      }
    }
  },
  "dataFileExtension" : "xml",
  "objectRefs" : [ ]
}