{
  "objectInfo" : {
    "id" : "7qjHetUXazLd0sZhBI0Q8w",
    "name" : "GASalesforceNotification",
    "type" : "PROCESS",
    "metadata" : {
      "modelVersion" : {
        "major" : 1,
        "minor" : 0
      },
      "repoInfo" : {
        "repoHandle" : "kXZ5Hhwq9bdsreK-gt-1966-2014-08-27T19:03:54.167Z::pd.xml"
      },
      "contextAttributes" : null,
      "additionalInfo" : {
        "description" : "",
        "contentType" : "application/json; charset=utf-8",
        "documentState" : "VALID"
      }
    }
  },
  "dataFileExtension" : "xml",
  "objectRefs" : [ {
    "id" : "6TvZCLSQBlPenILwvrQPw3",
    "name" : "GARestMAW180905-V2",
    "type" : "AI_CONNECTION",
    "metadata" : {
      "modelVersion" : {
        "major" : 1,
        "minor" : 0
      },
      "repoInfo" : {
        "repoHandle" : "jBvSx0aa-gt-9204-2014-09-18T19:20:42.156Z::conn.xml"
      },
      "contextAttributes" : null,
      "additionalInfo" : {
        "description" : "",
        "contentType" : "application/json; charset=utf-8",
        "documentState" : "VALID"
      }
    },
    "path" : "/Explore/Default"
  }, {
    "id" : "aCzPqmG2eYBfPR8vmLAume",
    "name" : "Salesforce",
    "type" : "AI_CONNECTION",
    "metadata" : {
      "modelVersion" : {
        "major" : 1,
        "minor" : 0
      },
      "repoInfo" : {
        "repoHandle" : "KMMP5gjn9OQcjoY-gt-1018856-2015-03-26T16:04:32.588Z::conn.xml"
      },
      "contextAttributes" : null,
      "additionalInfo" : {
        "description" : "active as of Aug-2019, related to dev SFDC account.  Contact jjudy@infa",
        "contentType" : "application/json; charset=utf-8",
        "documentState" : "VALID"
      }
    },
    "path" : "/Explore/Default"
  }, {
    "id" : "9ZQypmR5Daollhe7Yx6tir",
    "name" : "GAEchoAgent",
    "type" : "PROCESS",
    "metadata" : {
      "modelVersion" : {
        "major" : 1,
        "minor" : 0
      },
      "repoInfo" : {
        "repoHandle" : "W08jIw8jIw8jIw8-gt-9444-2014-09-18T19:49:55.787Z::pd.xml"
      },
      "contextAttributes" : null,
      "additionalInfo" : {
        "description" : "",
        "contentType" : "application/json; charset=utf-8",
        "documentState" : "VALID"
      }
    },
    "path" : "/Explore/Default"
  }, {
    "id" : "2pacd2MaV66fIocatFbUW1",
    "name" : "GARestXMLObje",
    "type" : "PROCESS_OBJECT",
    "metadata" : {
      "modelVersion" : {
        "major" : 1,
        "minor" : 0
      },
      "repoInfo" : {
        "repoHandle" : "ZeM7ppppppppppp-gt-2830-2014-08-28T17:17:45.825Z::po.xml"
      },
      "contextAttributes" : null,
      "additionalInfo" : {
        "description" : "",
        "contentType" : "application/json; charset=utf-8",
        "documentState" : "VALID"
      }
    },
    "path" : "/Explore/Default"
  } ]
}