{
  "objectInfo" : {
    "id" : "0kyBltzjUBogNiwK7Jdfyk",
    "name" : "GenJSON",
    "type" : "PROCESS",
    "metadata" : {
      "modelVersion" : {
        "major" : 1,
        "minor" : 0
      },
      "repoInfo" : {
        "repoHandle" : "Vf4VQT53nQciSrZ-gt-149272-2014-12-22T16:23:55.762Z::pd.xml"
      },
      "contextAttributes" : null,
      "additionalInfo" : {
        "description" : "",
        "contentType" : "application/json; charset=utf-8",
        "documentState" : "VALID"
      }
    }
  },
  "dataFileExtension" : "xml",
  "objectRefs" : [ ]
}