{
  "objectInfo" : {
    "id" : "1sDxduRjDo6lQYa2sjyWKq",
    "name" : "Get Weather App",
    "type" : "GUIDE",
    "metadata" : {
      "modelVersion" : {
        "major" : 1,
        "minor" : 0
      },
      "repoInfo" : {
        "repoHandle" : "q3xgjATO9pH8sVY-gt-149416-2014-12-22T16:24:00.026Z::gt.xml"
      },
      "contextAttributes" : null,
      "additionalInfo" : {
        "description" : "",
        "contentType" : "application/json; charset=utf-8",
        "documentState" : "VALID"
      }
    }
  },
  "dataFileExtension" : "xml",
  "objectRefs" : [ ]
}