{
  "objectInfo" : {
    "id" : "61KDce10WSFbOpuVzEPXE4",
    "name" : "Get OnPrem User",
    "type" : "GUIDE",
    "metadata" : {
      "modelVersion" : {
        "major" : 1,
        "minor" : 0
      },
      "repoInfo" : {
        "repoHandle" : "pgneO0fXs3C6LlR-gt-24458-2015-06-04T18:24:53.247Z::gt.xml"
      },
      "contextAttributes" : null,
      "additionalInfo" : {
        "description" : "",
        "contentType" : "application/json; charset=utf-8",
        "documentState" : "VALID"
      }
    }
  },
  "dataFileExtension" : "xml",
  "objectRefs" : [ ]
}