{
  "objectInfo" : {
    "id" : "cT3Pblzamcnl03Q1NtjkoU",
    "name" : "GetFaxTestCn1",
    "type" : "AI_CONNECTION",
    "metadata" : {
      "modelVersion" : {
        "major" : 1,
        "minor" : 0
      },
      "repoInfo" : {
        "repoHandle" : "hOTMneBjrabcmWR-gt-1770758-2015-11-02T19:06:41.28Z::conn.xml"
      },
      "contextAttributes" : null,
      "additionalInfo" : {
        "description" : "",
        "contentType" : "application/json; charset=utf-8",
        "documentState" : "VALID"
      }
    }
  },
  "dataFileExtension" : "xml",
  "objectRefs" : [ ]
}