{
  "objectInfo" : {
    "id" : "gyukY0B3zYolr8Lh8WAJwB",
    "name" : "GetVehicleDetailsTMW",
    "type" : "PROCESS",
    "metadata" : {
      "modelVersion" : {
        "major" : 1,
        "minor" : 0
      },
      "repoInfo" : {
        "repoHandle" : "QJi4tciSrZMSPfX-gt-149424-2014-12-22T16:24:00.268Z::pd.xml"
      },
      "contextAttributes" : null,
      "additionalInfo" : {
        "description" : "",
        "contentType" : "application/json; charset=utf-8",
        "documentState" : "VALID"
      }
    }
  },
  "dataFileExtension" : "xml",
  "objectRefs" : [ {
    "id" : "4RH0tfIpfIhjRO1fwffPE5",
    "name" : "Edmunds",
    "type" : "AI_CONNECTION",
    "metadata" : {
      "modelVersion" : {
        "major" : 1,
        "minor" : 0
      },
      "repoInfo" : {
        "repoHandle" : "huR55aaabdqpw0V-gt-148834-2014-12-22T16:23:41.115Z::conn.xml"
      },
      "contextAttributes" : null,
      "additionalInfo" : {
        "description" : "Edmunds Services ",
        "contentType" : "application/json; charset=utf-8",
        "documentState" : "VALID"
      }
    },
    "path" : "/Explore/Default"
  } ]
}