{
  "objectInfo" : {
    "id" : "fiY7ZjAwSEAd4y2ZLivKGJ",
    "name" : "GetFaxTestCn2",
    "type" : "AI_CONNECTION",
    "metadata" : {
      "modelVersion" : {
        "major" : 1,
        "minor" : 0
      },
      "repoInfo" : {
        "repoHandle" : "LUaaaaabbgdoGsF-gt-1773398-2015-11-02T19:09:47.597Z::conn.xml"
      },
      "contextAttributes" : null,
      "additionalInfo" : {
        "description" : "",
        "contentType" : "application/json; charset=utf-8",
        "documentState" : "VALID"
      }
    }
  },
  "dataFileExtension" : "xml",
  "objectRefs" : [ ]
}