{
  "objectInfo" : {
    "id" : "aCUd7c9tfSdeiJfUcTusmn",
    "name" : "GetFaxMetadata",
    "type" : "PROCESS_OBJECT",
    "metadata" : {
      "modelVersion" : {
        "major" : 1,
        "minor" : 0
      },
      "repoInfo" : {
        "repoHandle" : "wq9bdsreK8ZAZf5-gt-1785668-2015-11-02T19:24:59.364Z::po.xml"
      },
      "contextAttributes" : null,
      "additionalInfo" : {
        "description" : "Get Fax Metadata",
        "contentType" : "application/json; charset=utf-8",
        "documentState" : "VALID"
      }
    }
  },
  "dataFileExtension" : "xml",
  "objectRefs" : [ ]
}