{
  "objectInfo" : {
    "id" : "kEOAy50QWgneUe6YBbQ5Yk",
    "name" : "GlobalPhoneValidation-Conn-Basav",
    "type" : "AI_CONNECTION",
    "metadata" : {
      "modelVersion" : {
        "major" : 1,
        "minor" : 0
      },
      "repoInfo" : {
        "repoHandle" : "dz3PI2HBxZmtK9h-gt-1509274-2016-07-01T20:15:32.064Z::conn.xml"
      },
      "contextAttributes" : null,
      "additionalInfo" : {
        "description" : "",
        "contentType" : "application/json; charset=utf-8",
        "documentState" : "VALID"
      }
    }
  },
  "dataFileExtension" : "xml",
  "objectRefs" : [ {
    "id" : "aW0p7dYerYrl6tvQQcYs4l",
    "name" : "GlobalPhoneValidation-Basav",
    "type" : "AI_SERVICE_CONNECTOR",
    "metadata" : {
      "modelVersion" : {
        "major" : 1,
        "minor" : 0
      },
      "repoInfo" : {
        "repoHandle" : "KqxKf3eFhBJQWSw-gt-1107470-2016-07-01T17:39:05.59Z::svc.xml"
      },
      "contextAttributes" : null,
      "additionalInfo" : {
        "description" : "Informatica’s Global Phone Validation service is a data validation and enrichment service for\nphone numbers throughout the world across (### countries and territories). The primary benefits of\nInformatica’s Global Phone Validation service are:\n- Global Phone Number Validation: In 200+ countries/territories and in near-real time\n- Identifies Phone Type: Identifies each phone number as landline, mobile, VoIP, or Freephone\n- Geocodes Coordinates: Geocodes each phone number using latitude and longitude",
        "contentType" : "application/json; charset=utf-8",
        "documentState" : "VALID"
      }
    },
    "path" : "/Explore/Default"
  } ]
}