{
  "objectInfo" : {
    "id" : "dOFKRZbFdGnjrF4UFIB4MZ",
    "name" : "GoogleGeoService",
    "type" : "AI_CONNECTION",
    "metadata" : {
      "modelVersion" : {
        "major" : 1,
        "minor" : 0
      },
      "repoInfo" : {
        "repoHandle" : "Ok81V4AdypKwKBq-gt-1537453-2015-12-21T18:48:11.649Z::conn.xml"
      },
      "contextAttributes" : null,
      "additionalInfo" : {
        "description" : "(DO NOT DELETE)",
        "contentType" : "application/json; charset=utf-8",
        "documentState" : "VALID"
      }
    }
  },
  "dataFileExtension" : "xml",
  "objectRefs" : [ {
    "id" : "9BhatnkNdPckUvU3h5FM8q",
    "name" : "GoogleGeocodeAPI",
    "type" : "AI_SERVICE_CONNECTOR",
    "metadata" : {
      "modelVersion" : {
        "major" : 1,
        "minor" : 0
      },
      "repoInfo" : {
        "repoHandle" : "mi3wOLIFvukNXHV-gt-1537652-2015-12-21T18:48:20.203Z::svc.xml"
      },
      "contextAttributes" : null,
      "additionalInfo" : {
        "description" : "(DO NOT DELETE) \nUse Google's Simple Geocoding Web Service.  Takes an Address and returns a Lat & Lng",
        "contentType" : "application/json; charset=utf-8",
        "documentState" : "VALID"
      }
    },
    "path" : "/Explore/Default"
  } ]
}