{
  "objectInfo" : {
    "id" : "hBNHOr3p2yFd5K3YKfGyax",
    "name" : "Guide for task Services prototyping-1",
    "type" : "GUIDE",
    "metadata" : {
      "modelVersion" : {
        "major" : 1,
        "minor" : 0
      },
      "repoInfo" : {
        "repoHandle" : "LYtjCtbdsreK8ZA-gt-490876-2016-03-15T18:04:46.598Z::gt.xml"
      },
      "contextAttributes" : null,
      "additionalInfo" : {
        "description" : "testing ICS API",
        "contentType" : "application/json; charset=utf-8",
        "documentState" : "VALID"
      }
    }
  },
  "dataFileExtension" : "xml",
  "objectRefs" : [ ]
}