{
  "objectInfo" : {
    "id" : "2B59VKXBjRXcxmitcFmaoT",
    "name" : "Guide for Server Time Prototyping",
    "type" : "GUIDE",
    "metadata" : {
      "modelVersion" : {
        "major" : 1,
        "minor" : 0
      },
      "repoInfo" : {
        "repoHandle" : "6NFuxTtlI20hELl-gt-473271-2016-03-15T17:48:28.925Z::gt.xml"
      },
      "contextAttributes" : null,
      "additionalInfo" : {
        "description" : "testing ICS API",
        "contentType" : "application/json; charset=utf-8",
        "documentState" : "VALID"
      }
    }
  },
  "dataFileExtension" : "xml",
  "objectRefs" : [ ]
}