{
  "objectInfo" : {
    "id" : "81ufggxuaaglfHk30XfWW1",
    "name" : "Guide for job Services prototyping",
    "type" : "GUIDE",
    "metadata" : {
      "modelVersion" : {
        "major" : 1,
        "minor" : 0
      },
      "repoInfo" : {
        "repoHandle" : "q0jmu6lS01BchMY-gt-686702-2016-03-15T21:44:32.26Z::gt.xml"
      },
      "contextAttributes" : null,
      "additionalInfo" : {
        "description" : "testing ICS API",
        "contentType" : "application/json; charset=utf-8",
        "documentState" : "VALID"
      }
    }
  },
  "dataFileExtension" : "xml",
  "objectRefs" : [ ]
}