{
  "objectInfo" : {
    "id" : "6l06C5RXgO1kwmL4FL9WOe",
    "name" : "Guide for Monitor Services Protyping",
    "type" : "GUIDE",
    "metadata" : {
      "modelVersion" : {
        "major" : 1,
        "minor" : 0
      },
      "repoInfo" : {
        "repoHandle" : "abclvAhrswVYx8R-gt-466054-2016-03-15T17:41:21.014Z::gt.xml"
      },
      "contextAttributes" : null,
      "additionalInfo" : {
        "description" : "",
        "contentType" : "application/json; charset=utf-8",
        "documentState" : "VALID"
      }
    }
  },
  "dataFileExtension" : "xml",
  "objectRefs" : [ ]
}