{
  "objectInfo" : {
    "id" : "l93Zzfx3CCVjNQbrqnTCAx",
    "name" : "Guide for task Services prototyping",
    "type" : "GUIDE",
    "metadata" : {
      "modelVersion" : {
        "major" : 1,
        "minor" : 0
      },
      "repoInfo" : {
        "repoHandle" : "WVdzm5Y6tMFygls-gt-477915-2016-03-15T17:52:56.779Z::gt.xml"
      },
      "contextAttributes" : null,
      "additionalInfo" : {
        "description" : "testing ICS API",
        "contentType" : "application/json; charset=utf-8",
        "documentState" : "VALID"
      }
    }
  },
  "dataFileExtension" : "xml",
  "objectRefs" : [ ]
}