{
  "objectInfo" : {
    "id" : "33aZXamV8PGfpFANa3Qg2w",
    "name" : "HeaderItem",
    "type" : "PROCESS_OBJECT",
    "metadata" : {
      "modelVersion" : {
        "major" : 1,
        "minor" : 0
      },
      "repoInfo" : {
        "repoHandle" : "6qhGKcn8dzWztZK-gt-2202531-2017-05-08T21:08:43.928Z::po.xml"
      },
      "contextAttributes" : null,
      "additionalInfo" : {
        "description" : "",
        "contentType" : "application/json; charset=utf-8",
        "documentState" : "VALID"
      }
    }
  },
  "dataFileExtension" : "xml",
  "objectRefs" : [ ]
}