{
  "objectInfo" : {
    "id" : "9wRtEVMlsE6hGQuuvGDuMZ",
    "name" : "Helen_LoadLeads",
    "type" : "DSS",
    "metadata" : {
      "modelVersion" : {
        "major" : 0,
        "minor" : 0
      },
      "repoInfo" : {
        "repoHandle" : "000QJ10I00000000000B"
      },
      "contextAttributes" : [ {
        "name" : "id",
        "value" : "@1"
      } ],
      "additionalInfo" : {
        "description" : "LoadLeads",
        "contentType" : "JSON",
        "documentState" : "VALID"
      }
    }
  },
  "dataFileExtension" : "zip",
  "objectRefs" : [ {
    "id" : "3GqvyLelUCbkePwg9bJUOk",
    "name" : "HelenFlatFiles",
    "type" : "Connection",
    "metadata" : {
      "modelVersion" : {
        "major" : 0,
        "minor" : 0
      },
      "repoInfo" : {
        "repoHandle" : "000QJ10B000000000007"
      },
      "contextAttributes" : null,
      "additionalInfo" : {
        "description" : "HelenFlat Files",
        "contentType" : "JSON",
        "documentState" : "VALID"
      }
    },
    "path" : "/SYS"
  }, {
    "id" : "5xGBXdb5t4ojojkldjYw6I",
    "name" : "HelenSFDC",
    "type" : "Connection",
    "metadata" : {
      "modelVersion" : {
        "major" : 0,
        "minor" : 0
      },
      "repoInfo" : {
        "repoHandle" : "000QJ10B000000000006"
      },
      "contextAttributes" : null,
      "additionalInfo" : {
        "description" : "Helen Sales Force Connection",
        "contentType" : "JSON",
        "documentState" : "VALID"
      }
    },
    "path" : "/SYS"
  } ]
}