{
  "objectInfo" : {
    "id" : "3zpYTiiS9eljG62tj0MyAO",
    "name" : "Home Guide One",
    "type" : "GUIDE",
    "metadata" : {
      "modelVersion" : {
        "major" : 1,
        "minor" : 0
      },
      "repoInfo" : {
        "repoHandle" : "vDINciZBpDUQbgd-gt-1515663-2015-12-21T18:22:40.353Z::gt.xml"
      },
      "contextAttributes" : null,
      "additionalInfo" : {
        "description" : "test guide for Home SDFC Object",
        "contentType" : "application/json; charset=utf-8",
        "documentState" : "INVALID"
      }
    }
  },
  "dataFileExtension" : "xml",
  "objectRefs" : [ ]
}