{
  "objectInfo" : {
    "id" : "2o5KYUdj0YEkAsovU9pQwI",
    "name" : "HPQC-ServiceConnector-PJ",
    "type" : "AI_SERVICE_CONNECTOR",
    "metadata" : {
      "modelVersion" : {
        "major" : 1,
        "minor" : 0
      },
      "repoInfo" : {
        "repoHandle" : "KsJlv58pIO3M4Ww-gt-9814321-2015-12-11T21:06:45.585Z::svc.xml"
      },
      "contextAttributes" : null,
      "additionalInfo" : {
        "description" : "",
        "contentType" : "application/json; charset=utf-8",
        "documentState" : "VALID"
      }
    }
  },
  "dataFileExtension" : "xml",
  "objectRefs" : [ ]
}