{
  "objectInfo" : {
    "id" : "5eicLqngpESl5NYsLJp1Q0",
    "name" : "IcrtRequest",
    "type" : "PROCESS_OBJECT",
    "metadata" : {
      "modelVersion" : {
        "major" : 1,
        "minor" : 0
      },
      "repoInfo" : {
        "repoHandle" : "AVR3aaa-gt30467328-2014-08-20T04:23:03.433Z::po.xml"
      },
      "contextAttributes" : null,
      "additionalInfo" : {
        "description" : "IcrtRequest Object",
        "contentType" : "application/json; charset=utf-8",
        "documentState" : "VALID"
      }
    }
  },
  "dataFileExtension" : "xml",
  "objectRefs" : [ ]
}