{
  "objectInfo" : {
    "id" : "5XQdUOqBePWiXSZzjHqh4s",
    "name" : "ICRT-Dynamic-Timer",
    "type" : "PROCESS",
    "metadata" : {
      "modelVersion" : {
        "major" : 1,
        "minor" : 0
      },
      "repoInfo" : {
        "repoHandle" : "5RKWa-gt-10331922-2017-08-15T21:49:52.91Z::pd.xml"
      },
      "contextAttributes" : null,
      "additionalInfo" : {
        "description" : "Dynamic timer in seconds for scope placeholder in LRP processes",
        "contentType" : "application/json; charset=utf-8",
        "documentState" : "VALID"
      }
    }
  },
  "dataFileExtension" : "xml",
  "objectRefs" : [ ]
}