{
  "objectInfo" : {
    "id" : "4DxNikIGcDmh5ZBIntt3AY",
    "name" : "ICRT Connector",
    "type" : "AI_SERVICE_CONNECTOR",
    "metadata" : {
      "modelVersion" : {
        "major" : 1,
        "minor" : 0
      },
      "repoInfo" : {
        "repoHandle" : "LFKi9zhFtybduaa-gt30072192-2014-08-19T16:51:42.612Z::svc.xml"
      },
      "contextAttributes" : null,
      "additionalInfo" : {
        "description" : "",
        "contentType" : "application/json; charset=utf-8",
        "documentState" : "VALID"
      }
    }
  },
  "dataFileExtension" : "xml",
  "objectRefs" : [ ]
}