{
  "objectInfo" : {
    "id" : "hqPW2NetgkWdbaqtYUEnCC",
    "name" : "ICS Taskflow Control Process",
    "type" : "PROCESS",
    "metadata" : {
      "modelVersion" : {
        "major" : 1,
        "minor" : 0
      },
      "repoInfo" : {
        "repoHandle" : "YtjCtbdsreK8ZAZ-gt-7011456-2016-07-19T14:29:43.808Z::pd.xml"
      },
      "contextAttributes" : null,
      "additionalInfo" : {
        "description" : "",
        "contentType" : "application/json; charset=utf-8",
        "documentState" : "VALID"
      }
    }
  },
  "dataFileExtension" : "xml",
  "objectRefs" : [ ]
}