{
  "objectInfo" : {
    "id" : "dqN3D9Dq2QAexcSOTwoPYF",
    "name" : "ICS-Sync",
    "type" : "PROCESS",
    "metadata" : {
      "modelVersion" : {
        "major" : 1,
        "minor" : 0
      },
      "repoInfo" : {
        "repoHandle" : "Y028jIw8jIw8jIw-gt-149516-2014-12-22T16:24:03.081Z::pd.xml"
      },
      "contextAttributes" : null,
      "additionalInfo" : {
        "description" : "",
        "contentType" : "application/json; charset=utf-8",
        "documentState" : "VALID"
      }
    }
  },
  "dataFileExtension" : "xml",
  "objectRefs" : [ ]
}