{
  "objectInfo" : {
    "id" : "llQCzWQ5bwpcTo8jic8biE",
    "name" : "ICS Session Token - Timer",
    "type" : "PROCESS",
    "metadata" : {
      "modelVersion" : {
        "major" : 1,
        "minor" : 0
      },
      "repoInfo" : {
        "repoHandle" : "lmtK9hCHbf2XZPn-gt-5727548-2017-05-24T14:16:53.179Z::pd.xml"
      },
      "contextAttributes" : null,
      "additionalInfo" : {
        "description" : "",
        "contentType" : "application/json; charset=utf-8",
        "documentState" : "VALID"
      }
    }
  },
  "dataFileExtension" : "xml",
  "objectRefs" : [ ]
}