{
  "objectInfo" : {
    "id" : "632uV7QrhkIjfkQZZ5NoIG",
    "name" : "ICS-IntegrationDelay-ExampleProcess",
    "type" : "PROCESS",
    "metadata" : {
      "modelVersion" : {
        "major" : 1,
        "minor" : 0
      },
      "repoInfo" : {
        "repoHandle" : "T7xvk0qZF3a-gt-926273-2016-03-25T16:06:42.727Z::pd.xml"
      },
      "contextAttributes" : null,
      "additionalInfo" : {
        "description" : "",
        "contentType" : "application/json; charset=utf-8",
        "documentState" : "VALID"
      }
    }
  },
  "dataFileExtension" : "xml",
  "objectRefs" : [ ]
}