{
  "objectInfo" : {
    "id" : "1ONeo7vbTenlKS2DECmEcq",
    "name" : "ICS Looping Taskflows",
    "type" : "PROCESS",
    "metadata" : {
      "modelVersion" : {
        "major" : 1,
        "minor" : 0
      },
      "repoInfo" : {
        "repoHandle" : "XkgbdoPVm5Y6tMF-gt-3085871-2016-04-07T13:12:34.801Z::pd.xml"
      },
      "contextAttributes" : null,
      "additionalInfo" : {
        "description" : "replication of SR01898248",
        "contentType" : "application/json; charset=utf-8",
        "documentState" : "VALID"
      }
    }
  },
  "dataFileExtension" : "xml",
  "objectRefs" : [ ]
}