{
  "objectInfo" : {
    "id" : "gTG6v3ieUIfjupB7MnEGOw",
    "name" : "ICS run",
    "type" : "GUIDE",
    "metadata" : {
      "modelVersion" : {
        "major" : 1,
        "minor" : 0
      },
      "repoInfo" : {
        "repoHandle" : "OlOETyxKf3eFhBJ-gt-148760-2014-12-22T16:23:38.657Z::gt.xml"
      },
      "contextAttributes" : null,
      "additionalInfo" : {
        "description" : "",
        "contentType" : "application/json; charset=utf-8",
        "documentState" : "VALID"
      }
    }
  },
  "dataFileExtension" : "xml",
  "objectRefs" : [ ]
}