{
  "objectInfo" : {
    "id" : "dtFgYOJPMqAlVZ6zGOtCqx",
    "name" : "ImportingServiceSvcCn",
    "type" : "AI_SERVICE_CONNECTOR",
    "metadata" : {
      "modelVersion" : {
        "major" : 1,
        "minor" : 0
      },
      "repoInfo" : {
        "repoHandle" : "oDkdoGsF4Xkgbdo-gt-2407600-2015-10-26T04:02:23.39Z::svc.xml"
      },
      "contextAttributes" : null,
      "additionalInfo" : {
        "description" : "",
        "contentType" : "application/json; charset=utf-8",
        "documentState" : "VALID"
      }
    }
  },
  "dataFileExtension" : "xml",
  "objectRefs" : [ ]
}