{
  "objectInfo" : {
    "id" : "0t0xbDlD3SJbQbKyjna6II",
    "name" : "InfaResponse",
    "type" : "PROCESS_OBJECT",
    "metadata" : {
      "modelVersion" : {
        "major" : 1,
        "minor" : 0
      },
      "repoInfo" : {
        "repoHandle" : "xomUhGdwOLIFvuk-gt-7331387-2017-03-16T15:27:16.377Z::po.xml"
      },
      "contextAttributes" : null,
      "additionalInfo" : {
        "description" : "This will be used by processes as a common TriMedX integration response. ",
        "contentType" : "application/json; charset=utf-8",
        "documentState" : "VALID"
      }
    }
  },
  "dataFileExtension" : "xml",
  "objectRefs" : [ ]
}