{
  "objectInfo" : {
    "id" : "4s02kEdYhmFd67vFnn4CGS",
    "name" : "Informatica Cloud REST API on Expo",
    "type" : "AI_SERVICE_CONNECTOR",
    "metadata" : {
      "modelVersion" : {
        "major" : 1,
        "minor" : 0
      },
      "repoInfo" : {
        "repoHandle" : "qiXieHufWC64Ky2-gt-396511-2015-03-10T21:01:52.67Z::svc.xml"
      },
      "contextAttributes" : null,
      "additionalInfo" : {
        "description" : "ICS REST API for use with Expo",
        "contentType" : "application/json; charset=utf-8",
        "documentState" : "VALID"
      }
    }
  },
  "dataFileExtension" : "xml",
  "objectRefs" : [ ]
}