{
  "objectInfo" : {
    "id" : "0FVciCTWsSpjlJCMo5XqKf",
    "name" : "Initial Lead Qualification",
    "type" : "GUIDE",
    "metadata" : {
      "modelVersion" : {
        "major" : 1,
        "minor" : 0
      },
      "repoInfo" : {
        "repoHandle" : "8jKBmeK3jhBjop8-gt-646844-2016-06-20T20:28:28.965Z::gt.xml"
      },
      "contextAttributes" : null,
      "additionalInfo" : {
        "description" : "This guide walks the sales rep through the initial lead qualification process",
        "contentType" : "application/json; charset=utf-8",
        "documentState" : "VALID"
      }
    }
  },
  "dataFileExtension" : "xml",
  "objectRefs" : [ ]
}