{
  "objectInfo" : {
    "id" : "8sDBfjoeC38hcvhwJUsxsR",
    "name" : "Initial Lead Qualification - Module 7.2",
    "type" : "GUIDE",
    "metadata" : {
      "modelVersion" : {
        "major" : 1,
        "minor" : 0
      },
      "repoInfo" : {
        "repoHandle" : "7D2L5SeE1KoJBUh-gt-149098-2014-12-22T16:23:50.951Z::gt.xml"
      },
      "contextAttributes" : null,
      "additionalInfo" : {
        "description" : "This guide walks the sales rep through the initial lead qualification process.",
        "contentType" : "application/json; charset=utf-8",
        "documentState" : "VALID"
      }
    }
  },
  "dataFileExtension" : "xml",
  "objectRefs" : [ ]
}