{
  "objectInfo" : {
    "id" : "296j2b2oQKBcWAt576wwmC",
    "name" : "Initial Lead Qualification Wizard",
    "type" : "GUIDE",
    "metadata" : {
      "modelVersion" : {
        "major" : 1,
        "minor" : 0
      },
      "repoInfo" : {
        "repoHandle" : "Kzk9Gjw4ARW8UBM-gt-773944-2016-06-23T21:17:21.595Z::gt.xml"
      },
      "contextAttributes" : null,
      "additionalInfo" : {
        "description" : "Guides the user through qualifying a list of leads (selected by the user).",
        "contentType" : "application/json; charset=utf-8",
        "documentState" : "VALID"
      }
    }
  },
  "dataFileExtension" : "xml",
  "objectRefs" : [ ]
}