{
  "objectInfo" : {
    "id" : "7zi3fsSUgwalYwDdtDeIwB",
    "name" : "Initial Lead Qualification with DB Lookup",
    "type" : "GUIDE",
    "metadata" : {
      "modelVersion" : {
        "major" : 1,
        "minor" : 0
      },
      "repoInfo" : {
        "repoHandle" : "LyCnNZPD4ARW8UB-gt-61015-2016-06-26T19:05:46.611Z::gt.xml"
      },
      "contextAttributes" : null,
      "additionalInfo" : {
        "description" : "This guide walks the sales rep through the initial lead qualification process",
        "contentType" : "application/json; charset=utf-8",
        "documentState" : "VALID"
      }
    }
  },
  "dataFileExtension" : "xml",
  "objectRefs" : [ ]
}