{
  "objectInfo" : {
    "id" : "aR6hGgFQiHse0BRH5s3QCQ",
    "name" : "INSTR Search Insureds Current",
    "type" : "GUIDE",
    "metadata" : {
      "modelVersion" : {
        "major" : 1,
        "minor" : 0
      },
      "repoInfo" : {
        "repoHandle" : "chHNf4TsrT2htgh-gt-149138-2014-12-22T16:23:52.035Z::gt.xml"
      },
      "contextAttributes" : null,
      "additionalInfo" : {
        "description" : "",
        "contentType" : "application/json; charset=utf-8",
        "documentState" : "VALID"
      }
    }
  },
  "dataFileExtension" : "xml",
  "objectRefs" : [ ]
}