{
  "objectInfo" : {
    "id" : "jgoCBcdCng2ecEYqoLXri3",
    "name" : "Insert DI Request",
    "type" : "PROCESS",
    "metadata" : {
      "modelVersion" : {
        "major" : 1,
        "minor" : 0
      },
      "repoInfo" : {
        "repoHandle" : "nObfTQbdxWq9bds-gt-562375-2015-03-16T18:56:09.921Z::pd.xml"
      },
      "contextAttributes" : null,
      "additionalInfo" : {
        "description" : "",
        "contentType" : "application/json; charset=utf-8",
        "documentState" : "VALID"
      }
    }
  },
  "dataFileExtension" : "xml",
  "objectRefs" : [ ]
}