{
  "objectInfo" : {
    "id" : "dbsAPYV3gYzgrnPxWqU96A",
    "name" : "Insert Record",
    "type" : "PROCESS",
    "metadata" : {
      "modelVersion" : {
        "major" : 1,
        "minor" : 0
      },
      "repoInfo" : {
        "repoHandle" : "dypLK2D86CjqFVN-gt-6311-2014-10-22T21:59:20.063Z::pd.xml"
      },
      "contextAttributes" : null,
      "additionalInfo" : {
        "description" : "",
        "contentType" : "application/json; charset=utf-8",
        "documentState" : "VALID"
      }
    }
  },
  "dataFileExtension" : "xml",
  "objectRefs" : [ ]
}