{
  "objectInfo" : {
    "id" : "0kVvLFIMiYPcGCiIVnDkYO",
    "name" : "IntgrResult",
    "type" : "PROCESS_OBJECT",
    "metadata" : {
      "modelVersion" : {
        "major" : 1,
        "minor" : 0
      },
      "repoInfo" : {
        "repoHandle" : "UHukfRLdqcgm8ln-gt-3961187-2016-01-19T22:26:58.745Z::po.xml"
      },
      "contextAttributes" : null,
      "additionalInfo" : {
        "description" : "Integration result container",
        "contentType" : "application/json; charset=utf-8",
        "documentState" : "VALID"
      }
    }
  },
  "dataFileExtension" : "xml",
  "objectRefs" : [ ]
}