{
  "objectInfo" : {
    "id" : "2ipi4hmGUISdbW1JLBRCEE",
    "name" : "IntegrateProductsWrapper",
    "type" : "PROCESS",
    "metadata" : {
      "modelVersion" : {
        "major" : 1,
        "minor" : 0
      },
      "repoInfo" : {
        "repoHandle" : "oQREhNWIsoZduD2-gt31948032-2014-08-23T10:45:13.238Z::pd.xml"
      },
      "contextAttributes" : null,
      "additionalInfo" : {
        "description" : "",
        "contentType" : "application/json; charset=utf-8",
        "documentState" : "VALID"
      }
    }
  },
  "dataFileExtension" : "xml",
  "objectRefs" : [ ]
}