{
  "objectInfo" : {
    "id" : "7jWVsmrQlmBkcZ9EItZPQE",
    "name" : "IntgrResultItem",
    "type" : "PROCESS_OBJECT",
    "metadata" : {
      "modelVersion" : {
        "major" : 1,
        "minor" : 0
      },
      "repoInfo" : {
        "repoHandle" : "5JlJjx9AWbg0ZkL-gt-3961193-2016-01-19T22:26:58.914Z::po.xml"
      },
      "contextAttributes" : null,
      "additionalInfo" : {
        "description" : "Integration result object in web-service response",
        "contentType" : "application/json; charset=utf-8",
        "documentState" : "VALID"
      }
    }
  },
  "dataFileExtension" : "xml",
  "objectRefs" : [ ]
}