{
  "objectInfo" : {
    "id" : "fHQazFLRdgzjWHsz2Hfa0i",
    "name" : "Invoke DSS Task",
    "type" : "PROCESS",
    "metadata" : {
      "modelVersion" : {
        "major" : 1,
        "minor" : 0
      },
      "repoInfo" : {
        "repoHandle" : "X3cjk91pqrzYLnz-gt-149200-2014-12-22T16:23:53.799Z::pd.xml"
      },
      "contextAttributes" : null,
      "additionalInfo" : {
        "description" : "",
        "contentType" : "application/json; charset=utf-8",
        "documentState" : "VALID"
      }
    }
  },
  "dataFileExtension" : "xml",
  "objectRefs" : [ ]
}