{
  "objectInfo" : {
    "id" : "4WWQGoW1nV9eYO6BuXNPcj",
    "name" : "InvoiceProcessor",
    "type" : "PROCESS",
    "metadata" : {
      "modelVersion" : {
        "major" : 1,
        "minor" : 0
      },
      "repoInfo" : {
        "repoHandle" : "Xxpr1Iw8jIw8jIw-gt-857284-2016-02-09T17:12:11.796Z::pd.xml"
      },
      "contextAttributes" : null,
      "additionalInfo" : {
        "description" : "",
        "contentType" : "application/json; charset=utf-8",
        "documentState" : "VALID"
      }
    }
  },
  "dataFileExtension" : "xml",
  "objectRefs" : [ {
    "id" : "dmMdZunIV20hq5hwDvkpIZ",
    "name" : "S3DemoConnection",
    "type" : "AI_CONNECTION",
    "metadata" : {
      "modelVersion" : {
        "major" : 1,
        "minor" : 0
      },
      "repoInfo" : {
        "repoHandle" : "jD4ARW8UBM7zsZv-gt-857308-2016-02-09T17:12:12.157Z::conn.xml"
      },
      "contextAttributes" : null,
      "additionalInfo" : {
        "description" : "",
        "contentType" : "application/json; charset=utf-8",
        "documentState" : "VALID"
      }
    },
    "path" : "/Explore/Default"
  } ]
}