{
  "objectInfo" : {
    "id" : "bZp8lZXz261i0H1fWvzxIE",
    "name" : "IPDInvoker-Integration",
    "type" : "PROCESS",
    "metadata" : {
      "modelVersion" : {
        "major" : 1,
        "minor" : 0
      },
      "repoInfo" : {
        "repoHandle" : "bciZBpDUQbgdwUi-gt-7326536-2017-03-16T15:24:16.019Z::pd.xml"
      },
      "contextAttributes" : null,
      "additionalInfo" : {
        "description" : "This process is responsible for populating RSQM Affiliation data to MDM.   \n- input: SOAP/REST message with Affiliation PO\noutput: infaResponse PO ack message with error/success, or http 400-500 error",
        "contentType" : "application/json; charset=utf-8",
        "documentState" : "VALID"
      }
    }
  },
  "dataFileExtension" : "xml",
  "objectRefs" : [ {
    "id" : "1GtLRgUCbw9h5ZzqCqk6cU",
    "name" : "Affiliation",
    "type" : "PROCESS_OBJECT",
    "metadata" : {
      "modelVersion" : {
        "major" : 1,
        "minor" : 0
      },
      "repoInfo" : {
        "repoHandle" : "wkNmumf6S3wOLIF-gt-7332481-2017-03-16T15:28:04.636Z::po.xml"
      },
      "contextAttributes" : null,
      "additionalInfo" : {
        "description" : "Affiliation Process Object \nmodified 3/9",
        "contentType" : "application/json; charset=utf-8",
        "documentState" : "VALID"
      }
    },
    "path" : "/Explore/Default"
  }, {
    "id" : "0t0xbDlD3SJbQbKyjna6II",
    "name" : "InfaResponse",
    "type" : "PROCESS_OBJECT",
    "metadata" : {
      "modelVersion" : {
        "major" : 1,
        "minor" : 0
      },
      "repoInfo" : {
        "repoHandle" : "xomUhGdwOLIFvuk-gt-7331387-2017-03-16T15:27:16.377Z::po.xml"
      },
      "contextAttributes" : null,
      "additionalInfo" : {
        "description" : "This will be used by processes as a common TriMedX integration response. ",
        "contentType" : "application/json; charset=utf-8",
        "documentState" : "VALID"
      }
    },
    "path" : "/Explore/Default"
  } ]
}