{
  "objectInfo" : {
    "id" : "5Eaoqdkb7Kli6sQ1OuPEAx",
    "name" : "IPDInvokerInvoker",
    "type" : "PROCESS",
    "metadata" : {
      "modelVersion" : {
        "major" : 1,
        "minor" : 0
      },
      "repoInfo" : {
        "repoHandle" : "Rm1ESyIRJi4tciS-gt-7370902-2017-03-16T15:48:42.701Z::pd.xml"
      },
      "contextAttributes" : null,
      "additionalInfo" : {
        "description" : "testing to send dynamic PO to Service call to be dynamically routed via service call provider EPR being dynamic",
        "contentType" : "application/json; charset=utf-8",
        "documentState" : "VALID"
      }
    }
  },
  "dataFileExtension" : "xml",
  "objectRefs" : [ ]
}