{
  "objectInfo" : {
    "id" : "0dz4vcgkN8NcMqujmIG6It",
    "name" : "IPDWrapperforBPELUncaughtedException",
    "type" : "PROCESS",
    "metadata" : {
      "modelVersion" : {
        "major" : 1,
        "minor" : 0
      },
      "repoInfo" : {
        "repoHandle" : "f3A1vyoY2G7QnG5-gt-1415905-2016-09-27T19:57:13.093Z::pd.xml"
      },
      "contextAttributes" : null,
      "additionalInfo" : {
        "description" : "",
        "contentType" : "application/json; charset=utf-8",
        "documentState" : "VALID"
      }
    }
  },
  "dataFileExtension" : "xml",
  "objectRefs" : [ {
    "id" : "4xcMyx3OuyZiK6FYaW8w2a",
    "name" : "SAWrapperforBPELUncaughtException",
    "type" : "PROCESS",
    "metadata" : {
      "modelVersion" : {
        "major" : 1,
        "minor" : 0
      },
      "repoInfo" : {
        "repoHandle" : "VSdt9OQcjoYsjql-gt-1458553-2016-09-27T20:33:10.766Z::pd.xml"
      },
      "contextAttributes" : null,
      "additionalInfo" : {
        "description" : "",
        "contentType" : "application/json; charset=utf-8",
        "documentState" : "VALID"
      }
    },
    "path" : "/Explore/Default"
  } ]
}