{
  "objectInfo" : {
    "id" : "3PE6ngUGSb0bU8EGeWejYW",
    "name" : "IterateMakes",
    "type" : "GUIDE",
    "metadata" : {
      "modelVersion" : {
        "major" : 1,
        "minor" : 0
      },
      "repoInfo" : {
        "repoHandle" : "6pkTjFIMeINciZB-gt-1184201-2015-01-22T17:07:25.928Z::gt.xml"
      },
      "contextAttributes" : null,
      "additionalInfo" : {
        "description" : "",
        "contentType" : "application/json; charset=utf-8",
        "documentState" : "VALID"
      }
    }
  },
  "dataFileExtension" : "xml",
  "objectRefs" : [ {
    "id" : "21D0xQg8EeojKpxyQA7Sev",
    "name" : "Edmunds2",
    "type" : "AI_CONNECTION",
    "metadata" : {
      "modelVersion" : {
        "major" : 1,
        "minor" : 0
      },
      "repoInfo" : {
        "repoHandle" : "Kf3eFhBJQWSwxF1-gt-149466-2014-12-22T16:24:01.559Z::conn.xml"
      },
      "contextAttributes" : null,
      "additionalInfo" : {
        "description" : "",
        "contentType" : "application/json; charset=utf-8",
        "documentState" : "VALID"
      }
    },
    "path" : "/Explore/Default"
  } ]
}