{
  "objectInfo" : {
    "id" : "0BwXyZBMS9NglFnxedsnAZ",
    "name" : "JBOracle",
    "type" : "AI_CONNECTION",
    "metadata" : {
      "modelVersion" : {
        "major" : 1,
        "minor" : 0
      },
      "repoInfo" : {
        "repoHandle" : "QU8lpDqotxGomUh-gt-3690231-2016-06-10T19:10:07.169Z::conn.xml"
      },
      "contextAttributes" : null,
      "additionalInfo" : {
        "description" : "",
        "contentType" : "application/json; charset=utf-8",
        "documentState" : "VALID"
      }
    }
  },
  "dataFileExtension" : "xml",
  "objectRefs" : [ ]
}