{
  "objectInfo" : {
    "id" : "8JWeNO1YYuAdVtvHcwFCIt",
    "name" : "JLL CRM Online Connector",
    "type" : "AI_SERVICE_CONNECTOR",
    "metadata" : {
      "modelVersion" : {
        "major" : 1,
        "minor" : 0
      },
      "repoInfo" : {
        "repoHandle" : "CSNMzeHbcjqbdpI-gt-554909-2015-10-29T14:51:06.245Z::svc.xml"
      },
      "contextAttributes" : null,
      "additionalInfo" : {
        "description" : "",
        "contentType" : "application/json; charset=utf-8",
        "documentState" : "VALID"
      }
    }
  },
  "dataFileExtension" : "xml",
  "objectRefs" : [ ]
}