{
  "objectInfo" : {
    "id" : "6kpyX1JNQgKi912bvM3ZUp",
    "name" : "JMSWrapper",
    "type" : "PROCESS",
    "metadata" : {
      "modelVersion" : {
        "major" : 1,
        "minor" : 0
      },
      "repoInfo" : {
        "repoHandle" : "BwZYCSNMzeHbcjq-gt29724160-2014-08-18T23:29:50.451Z::pd.xml"
      },
      "contextAttributes" : null,
      "additionalInfo" : {
        "description" : "",
        "contentType" : "application/json; charset=utf-8",
        "documentState" : "VALID"
      }
    }
  },
  "dataFileExtension" : "xml",
  "objectRefs" : [ {
    "id" : "7w8gkfd6BOEclpcrPvoH4Y",
    "name" : "Coke-Payload",
    "type" : "PROCESS_OBJECT",
    "metadata" : {
      "modelVersion" : {
        "major" : 1,
        "minor" : 0
      },
      "repoInfo" : {
        "repoHandle" : "Qk81V4AdypKwKBq-gt30559488-2014-08-20T14:56:18.679Z::po.xml"
      },
      "contextAttributes" : null,
      "additionalInfo" : {
        "description" : "",
        "contentType" : "application/json; charset=utf-8",
        "documentState" : "VALID"
      }
    },
    "path" : "/Explore/Default"
  } ]
}