{
  "objectInfo" : {
    "id" : "6Xa5hvZhyxYg2U4YsQWlYX",
    "name" : "JMSWrapperService",
    "type" : "PROCESS",
    "metadata" : {
      "modelVersion" : {
        "major" : 1,
        "minor" : 0
      },
      "repoInfo" : {
        "repoHandle" : "eHls2z8Uuopz4Kh-gt29730688-2014-08-18T23:35:00.807Z::pd.xml"
      },
      "contextAttributes" : null,
      "additionalInfo" : {
        "description" : "",
        "contentType" : "application/json; charset=utf-8",
        "documentState" : "VALID"
      }
    }
  },
  "dataFileExtension" : "xml",
  "objectRefs" : [ ]
}