{
  "objectInfo" : {
    "id" : "0QbyC4W38rwhvFa0U5BEAd",
    "name" : "JSON-Response-Tester",
    "type" : "PROCESS",
    "metadata" : {
      "modelVersion" : {
        "major" : 1,
        "minor" : 0
      },
      "repoInfo" : {
        "repoHandle" : "pBDwXtqdsQR6kbe-gt-9076806-2017-05-30T14:38:06.525Z::pd.xml"
      },
      "contextAttributes" : null,
      "additionalInfo" : {
        "description" : "Testing headerExtraction parent processing with JSON elements and order",
        "contentType" : "application/json; charset=utf-8",
        "documentState" : "VALID"
      }
    }
  },
  "dataFileExtension" : "xml",
  "objectRefs" : [ {
    "id" : "8AIPkeyPlu9hZaoimxE5C9",
    "name" : "HeaderSet",
    "type" : "PROCESS_OBJECT",
    "metadata" : {
      "modelVersion" : {
        "major" : 1,
        "minor" : 0
      },
      "repoInfo" : {
        "repoHandle" : "3aaa-gt-2202525-2017-05-08T21:08:43.871Z::po.xml"
      },
      "contextAttributes" : null,
      "additionalInfo" : {
        "description" : "",
        "contentType" : "application/json; charset=utf-8",
        "documentState" : "VALID"
      }
    },
    "path" : "/Explore/Default"
  } ]
}