{
  "objectInfo" : {
    "id" : "akJwoXNib39fizQ2V9BVAo",
    "name" : "JsonSiren",
    "type" : "PROCESS",
    "metadata" : {
      "modelVersion" : {
        "major" : 1,
        "minor" : 0
      },
      "repoInfo" : {
        "repoHandle" : "CzET1cnFKi9zhFt-gt-746795-2015-08-12T19:28:02.246Z::pd.xml"
      },
      "contextAttributes" : null,
      "additionalInfo" : {
        "description" : "",
        "contentType" : "application/json; charset=utf-8",
        "documentState" : "VALID"
      }
    }
  },
  "dataFileExtension" : "xml",
  "objectRefs" : [ ]
}