{
  "objectInfo" : {
    "id" : "jG1VSl5TBcAf7BpcTL2VQA",
    "name" : "JSONArrayTesterProcess",
    "type" : "PROCESS",
    "metadata" : {
      "modelVersion" : {
        "major" : 1,
        "minor" : 0
      },
      "repoInfo" : {
        "repoHandle" : "9jIw8jIw8jIw8jI-gt-554983-2017-05-15T17:58:21.975Z::pd.xml"
      },
      "contextAttributes" : null,
      "additionalInfo" : {
        "description" : "Testing input validation with default PO generation from JSON arrays",
        "contentType" : "application/json; charset=utf-8",
        "documentState" : "VALID"
      }
    }
  },
  "dataFileExtension" : "xml",
  "objectRefs" : [ {
    "id" : "ajMPiZZVgIYcJEacxak1QB",
    "name" : "JSON-ArrayService-conn",
    "type" : "AI_CONNECTION",
    "metadata" : {
      "modelVersion" : {
        "major" : 1,
        "minor" : 0
      },
      "repoInfo" : {
        "repoHandle" : "jHKoJBUhtycotFg-gt-551729-2017-05-15T17:56:18.159Z::conn.xml"
      },
      "contextAttributes" : null,
      "additionalInfo" : {
        "description" : "",
        "contentType" : "application/json; charset=utf-8",
        "documentState" : "VALID"
      }
    },
    "path" : "/Explore/Default"
  } ]
}