{
  "objectInfo" : {
    "id" : "f2eKXgLrkQ5dghwO34ML4j",
    "name" : "JSON-ArrayService-srvcn",
    "type" : "AI_SERVICE_CONNECTOR",
    "metadata" : {
      "modelVersion" : {
        "major" : 1,
        "minor" : 0
      },
      "repoInfo" : {
        "repoHandle" : "IZ2sBsoZduD2L5S-gt-548299-2017-05-15T17:53:25.55Z::svc.xml"
      },
      "contextAttributes" : null,
      "additionalInfo" : {
        "description" : "",
        "contentType" : "application/json; charset=utf-8",
        "documentState" : "VALID"
      }
    }
  },
  "dataFileExtension" : "xml",
  "objectRefs" : [ ]
}