{
  "objectInfo" : {
    "id" : "lHlxG3K0kIzbG0nlct0BmP",
    "name" : "JSON-PO-Generator-tester",
    "type" : "AI_SERVICE_CONNECTOR",
    "metadata" : {
      "modelVersion" : {
        "major" : 1,
        "minor" : 0
      },
      "repoInfo" : {
        "repoHandle" : "JoGsF4XkgbdoPVm-gt-3836068-2017-05-11T13:55:52.576Z::svc.xml"
      },
      "contextAttributes" : null,
      "additionalInfo" : {
        "description" : "",
        "contentType" : "application/json; charset=utf-8",
        "documentState" : "INVALID"
      }
    }
  },
  "dataFileExtension" : "xml",
  "objectRefs" : [ ]
}