{
  "objectInfo" : {
    "id" : "8rxzHmg1Hk8c9WML3DlSyv",
    "name" : "JWTemp",
    "type" : "GUIDE",
    "metadata" : {
      "modelVersion" : {
        "major" : 1,
        "minor" : 0
      },
      "repoInfo" : {
        "repoHandle" : "1qig0zFMi4tciSr-gt-149308-2014-12-22T16:23:56.844Z::gt.xml"
      },
      "contextAttributes" : null,
      "additionalInfo" : {
        "description" : "",
        "contentType" : "application/json; charset=utf-8",
        "documentState" : "VALID"
      }
    }
  },
  "dataFileExtension" : "xml",
  "objectRefs" : [ ]
}