{
  "objectInfo" : {
    "id" : "7m8YNOQ6g2tlwlFtsX1R0R",
    "name" : "Leave-Approval-Process",
    "type" : "PROCESS",
    "metadata" : {
      "modelVersion" : {
        "major" : 1,
        "minor" : 0
      },
      "repoInfo" : {
        "repoHandle" : "eIYHSCpwNXHS45b-gt-2648653-2017-03-31T16:11:29.075Z::pd.xml"
      },
      "contextAttributes" : null,
      "additionalInfo" : {
        "description" : "",
        "contentType" : "application/json; charset=utf-8",
        "documentState" : "VALID"
      }
    }
  },
  "dataFileExtension" : "xml",
  "objectRefs" : [ ]
}