{
  "objectInfo" : {
    "id" : "8CzHC8pWj8scZ0JGP6rRu7",
    "name" : "LeadOAuth",
    "type" : "PROCESS_OBJECT",
    "metadata" : {
      "modelVersion" : {
        "major" : 1,
        "minor" : 0
      },
      "repoInfo" : {
        "repoHandle" : "hLSVMTonQYWeIss-gt-133499-2015-01-13T15:45:35.126Z::po.xml"
      },
      "contextAttributes" : null,
      "additionalInfo" : {
        "description" : "",
        "contentType" : "application/json; charset=utf-8",
        "documentState" : "VALID"
      }
    }
  },
  "dataFileExtension" : "xml",
  "objectRefs" : [ ]
}