{
  "objectInfo" : {
    "id" : "4Ey88A4qSrtgLTxP7S5Mya",
    "name" : "LilySendFax",
    "type" : "PROCESS",
    "metadata" : {
      "modelVersion" : {
        "major" : 1,
        "minor" : 0
      },
      "repoInfo" : {
        "repoHandle" : "VNIW7WHK80FIRi9-gt-1624135-2015-10-12T18:03:25.772Z::pd.xml"
      },
      "contextAttributes" : null,
      "additionalInfo" : {
        "description" : "Send Fax - Eli Lilly",
        "contentType" : "application/json; charset=utf-8",
        "documentState" : "VALID"
      }
    }
  },
  "dataFileExtension" : "xml",
  "objectRefs" : [ {
    "id" : "boIWp3Zt7iweGSW3XbyoIu",
    "name" : "LilySendFaxCn",
    "type" : "AI_CONNECTION",
    "metadata" : {
      "modelVersion" : {
        "major" : 1,
        "minor" : 0
      },
      "repoInfo" : {
        "repoHandle" : "bdsMkdypKwKBqRi-gt-1772054-2015-10-12T23:36:37.023Z::conn.xml"
      },
      "contextAttributes" : null,
      "additionalInfo" : {
        "description" : "",
        "contentType" : "application/json; charset=utf-8",
        "documentState" : "VALID"
      }
    },
    "path" : "/Explore/Default"
  }, {
    "id" : "3rLot1KzXNyilYujQdHW6z",
    "name" : "FaxData",
    "type" : "PROCESS_OBJECT",
    "metadata" : {
      "modelVersion" : {
        "major" : 1,
        "minor" : 0
      },
      "repoInfo" : {
        "repoHandle" : "Uvqv1MuzBq695kc-gt-1671426-2015-10-12T19:39:27.757Z::po.xml"
      },
      "contextAttributes" : null,
      "additionalInfo" : {
        "description" : "",
        "contentType" : "application/json; charset=utf-8",
        "documentState" : "VALID"
      }
    },
    "path" : "/Explore/Default"
  }, {
    "id" : "4xCar2Z1mSfdUMOMZYM0k6",
    "name" : "FileCn",
    "type" : "AI_CONNECTION",
    "metadata" : {
      "modelVersion" : {
        "major" : 1,
        "minor" : 0
      },
      "repoInfo" : {
        "repoHandle" : "uQgabcjk91pqrzY-gt-1068879-2015-07-10T21:09:43.26Z::conn.xml"
      },
      "contextAttributes" : null,
      "additionalInfo" : {
        "description" : "",
        "contentType" : "application/json; charset=utf-8",
        "documentState" : "VALID"
      }
    },
    "path" : "/Explore/Default"
  } ]
}