{
  "objectInfo" : {
    "id" : "boIWp3Zt7iweGSW3XbyoIu",
    "name" : "LilySendFaxCn",
    "type" : "AI_CONNECTION",
    "metadata" : {
      "modelVersion" : {
        "major" : 1,
        "minor" : 0
      },
      "repoInfo" : {
        "repoHandle" : "bdsMkdypKwKBqRi-gt-1772054-2015-10-12T23:36:37.023Z::conn.xml"
      },
      "contextAttributes" : null,
      "additionalInfo" : {
        "description" : "",
        "contentType" : "application/json; charset=utf-8",
        "documentState" : "VALID"
      }
    }
  },
  "dataFileExtension" : "xml",
  "objectRefs" : [ {
    "id" : "3HqjHRzPaOQfzzkQPzxp8u",
    "name" : "LilySendFaxSvcCn",
    "type" : "AI_SERVICE_CONNECTOR",
    "metadata" : {
      "modelVersion" : {
        "major" : 1,
        "minor" : 0
      },
      "repoInfo" : {
        "repoHandle" : "xx8AyNnQMMnGbci-gt-1772072-2015-10-12T23:36:37.379Z::svc.xml"
      },
      "contextAttributes" : null,
      "additionalInfo" : {
        "description" : "This is the Send Fax Service Connector",
        "contentType" : "application/json; charset=utf-8",
        "documentState" : "VALID"
      }
    },
    "path" : "/Explore/Default"
  } ]
}