{
  "objectInfo" : {
    "id" : "3HqjHRzPaOQfzzkQPzxp8u",
    "name" : "LilySendFaxSvcCn",
    "type" : "AI_SERVICE_CONNECTOR",
    "metadata" : {
      "modelVersion" : {
        "major" : 1,
        "minor" : 0
      },
      "repoInfo" : {
        "repoHandle" : "xx8AyNnQMMnGbci-gt-1772072-2015-10-12T23:36:37.379Z::svc.xml"
      },
      "contextAttributes" : null,
      "additionalInfo" : {
        "description" : "This is the Send Fax Service Connector",
        "contentType" : "application/json; charset=utf-8",
        "documentState" : "VALID"
      }
    }
  },
  "dataFileExtension" : "xml",
  "objectRefs" : [ ]
}