{
  "objectInfo" : {
    "id" : "0zPFDUhxsuab2zugou2WwQ",
    "name" : "LkpCompInfoSc",
    "type" : "AI_SERVICE_CONNECTOR",
    "metadata" : {
      "modelVersion" : {
        "major" : 1,
        "minor" : 0
      },
      "repoInfo" : {
        "repoHandle" : "pww43dtQR6kbeJH-gt-11170741-2016-07-08T19:23:53.25Z::svc.xml"
      },
      "contextAttributes" : null,
      "additionalInfo" : {
        "description" : "",
        "contentType" : "application/json; charset=utf-8",
        "documentState" : "VALID"
      }
    }
  },
  "dataFileExtension" : "xml",
  "objectRefs" : [ ]
}