{
  "objectInfo" : {
    "id" : "l7dUvVQXoyMiiXvhQCnl8Y",
    "name" : "LoadMessagetoDatabase",
    "type" : "PROCESS",
    "metadata" : {
      "modelVersion" : {
        "major" : 1,
        "minor" : 0
      },
      "repoInfo" : {
        "repoHandle" : "huImXycotFgpKi9-gt-56070345-2018-06-14T14:10:34.115Z::pd.xml"
      },
      "contextAttributes" : null,
      "additionalInfo" : {
        "description" : "Assigns in values to out",
        "contentType" : "application/json; charset=utf-8",
        "documentState" : "VALID"
      }
    }
  },
  "dataFileExtension" : "xml",
  "objectRefs" : [ {
    "id" : "5QRUv6NxHAsdfbb0qkmNwY",
    "name" : "ActiveMQPO",
    "type" : "PROCESS_OBJECT",
    "metadata" : {
      "modelVersion" : {
        "major" : 1,
        "minor" : 0
      },
      "repoInfo" : {
        "repoHandle" : "UZaaaa-gt-306279-2016-09-26T16:02:53.747Z::po.xml"
      },
      "contextAttributes" : null,
      "additionalInfo" : {
        "description" : "My PO for JMS",
        "contentType" : "application/json; charset=utf-8",
        "documentState" : "VALID"
      }
    },
    "path" : "/Explore/Default"
  } ]
}