{
  "objectInfo" : {
    "id" : "0tcZvxQSj5mhxS2Wemwh2X",
    "name" : "LoanProcessor",
    "type" : "PROCESS",
    "metadata" : {
      "modelVersion" : {
        "major" : 1,
        "minor" : 0
      },
      "repoInfo" : {
        "repoHandle" : "zFXyDQeH2PKDC0h-gt-2877371-2017-05-09T18:39:32.406Z::pd.xml"
      },
      "contextAttributes" : null,
      "additionalInfo" : {
        "description" : "",
        "contentType" : "application/json; charset=utf-8",
        "documentState" : "VALID"
      }
    }
  },
  "dataFileExtension" : "xml",
  "objectRefs" : [ ]
}