{
  "objectInfo" : {
    "id" : "1JhIpmqyTAUcmj5PjcGkkY",
    "name" : "Lookup Company Info DB",
    "type" : "PROCESS",
    "metadata" : {
      "modelVersion" : {
        "major" : 1,
        "minor" : 0
      },
      "repoInfo" : {
        "repoHandle" : "Ky2uI5CUP9WYVMP-gt-59184-2016-06-26T18:50:24.586Z::pd.xml"
      },
      "contextAttributes" : null,
      "additionalInfo" : {
        "description" : "This process uses customer name to look up phone and address information in a MySQL customer database.",
        "contentType" : "application/json; charset=utf-8",
        "documentState" : "VALID"
      }
    }
  },
  "dataFileExtension" : "xml",
  "objectRefs" : [ ]
}