{
  "objectInfo" : {
    "id" : "fCAiAwVvLGViJpJW5pOoKB",
    "name" : "Lookup Owner Info TB Basav",
    "type" : "PROCESS",
    "metadata" : {
      "modelVersion" : {
        "major" : 1,
        "minor" : 0
      },
      "repoInfo" : {
        "repoHandle" : "GS2DkSSHCwkNmum-gt-1231065-2016-07-01T20:53:47.526Z::pd.xml"
      },
      "contextAttributes" : null,
      "additionalInfo" : {
        "description" : "",
        "contentType" : "application/json; charset=utf-8",
        "documentState" : "VALID"
      }
    }
  },
  "dataFileExtension" : "xml",
  "objectRefs" : [ ]
}