{
  "objectInfo" : {
    "id" : "6M6VN1z21ZIbFt3AbiuPaA",
    "name" : "Lookup Company Info DB-Auth",
    "type" : "PROCESS",
    "metadata" : {
      "modelVersion" : {
        "major" : 1,
        "minor" : 0
      },
      "repoInfo" : {
        "repoHandle" : "eJEaaaaaaaaaaaa-gt-1786890-2016-06-29T14:50:43.075Z::pd.xml"
      },
      "contextAttributes" : null,
      "additionalInfo" : {
        "description" : "This process uses customer name to look up phone and address information in a MySQL customer database.",
        "contentType" : "application/json; charset=utf-8",
        "documentState" : "VALID"
      }
    }
  },
  "dataFileExtension" : "xml",
  "objectRefs" : [ ]
}