{
  "objectInfo" : {
    "id" : "7uJj6VzMBjZbjXwReQRPsM",
    "name" : "LoopTrafficIDElement",
    "type" : "PROCESS",
    "metadata" : {
      "modelVersion" : {
        "major" : 1,
        "minor" : 0
      },
      "repoInfo" : {
        "repoHandle" : "MIYxWPQE8jIw8jI-gt-471046-2015-01-19T20:10:24.62Z::pd.xml"
      },
      "contextAttributes" : null,
      "additionalInfo" : {
        "description" : "",
        "contentType" : "application/json; charset=utf-8",
        "documentState" : "VALID"
      }
    }
  },
  "dataFileExtension" : "xml",
  "objectRefs" : [ ]
}