{
  "objectInfo" : {
    "id" : "4qmZ5KzzO0YclXQyKODU44",
    "name" : "LoopEdmundsCarMakes",
    "type" : "PROCESS",
    "metadata" : {
      "modelVersion" : {
        "major" : 1,
        "minor" : 0
      },
      "repoInfo" : {
        "repoHandle" : "oPVm5Y6tMFyglsO-gt-544920-2015-01-19T05:17:59.238Z::pd.xml"
      },
      "contextAttributes" : null,
      "additionalInfo" : {
        "description" : "",
        "contentType" : "application/json; charset=utf-8",
        "documentState" : "VALID"
      }
    }
  },
  "dataFileExtension" : "xml",
  "objectRefs" : [ ]
}