{
  "objectInfo" : {
    "id" : "833BAjtINA1ffV00fE0wEN",
    "name" : "Lookup Company and Owner",
    "type" : "PROCESS",
    "metadata" : {
      "modelVersion" : {
        "major" : 1,
        "minor" : 0
      },
      "repoInfo" : {
        "repoHandle" : "cmrhwq9bdsreK8Z-gt-3178431-2016-06-30T02:52:10.045Z::pd.xml"
      },
      "contextAttributes" : null,
      "additionalInfo" : {
        "description" : "This process uses customer name to look up phone and address information in a MySQL customer database.",
        "contentType" : "application/json; charset=utf-8",
        "documentState" : "VALID"
      }
    }
  },
  "dataFileExtension" : "xml",
  "objectRefs" : [ ]
}