{
  "objectInfo" : {
    "id" : "3ZQNg1hTuWbkxTZ96Tilih",
    "name" : "Lookup Invoice and Customer Details",
    "type" : "PROCESS",
    "metadata" : {
      "modelVersion" : {
        "major" : 1,
        "minor" : 0
      },
      "repoInfo" : {
        "repoHandle" : "EpciZBpDUQbgdwU-gt-149420-2014-12-22T16:24:00.149Z::pd.xml"
      },
      "contextAttributes" : null,
      "additionalInfo" : {
        "description" : "",
        "contentType" : "application/json; charset=utf-8",
        "documentState" : "VALID"
      }
    }
  },
  "dataFileExtension" : "xml",
  "objectRefs" : [ ]
}