{
  "objectInfo" : {
    "id" : "25DX2T6NDaqcmA9zHBESKY",
    "name" : "M. After Meeting",
    "type" : "GUIDE",
    "metadata" : {
      "modelVersion" : {
        "major" : 1,
        "minor" : 0
      },
      "repoInfo" : {
        "repoHandle" : "Nf4TsrT2htghGZ5-gt-149158-2014-12-22T16:23:52.633Z::gt.xml"
      },
      "contextAttributes" : null,
      "additionalInfo" : {
        "description" : "Dev / Mobile",
        "contentType" : "application/json; charset=utf-8",
        "documentState" : "VALID"
      }
    }
  },
  "dataFileExtension" : "xml",
  "objectRefs" : [ ]
}