{
  "objectInfo" : {
    "id" : "lQqgG3ABrKIdfnmyTKKz6s",
    "name" : "M. Date and Time",
    "type" : "GUIDE",
    "metadata" : {
      "modelVersion" : {
        "major" : 1,
        "minor" : 0
      },
      "repoInfo" : {
        "repoHandle" : "Uuopz4KhPVEQrXh-gt-149032-2014-12-22T16:23:46.757Z::gt.xml"
      },
      "contextAttributes" : null,
      "additionalInfo" : {
        "description" : "Dev / Mobile",
        "contentType" : "application/json; charset=utf-8",
        "documentState" : "VALID"
      }
    }
  },
  "dataFileExtension" : "xml",
  "objectRefs" : [ ]
}