{
  "objectInfo" : {
    "id" : "13DVGjhPXh1bDMrfug25Em",
    "name" : "M. Link and URL Renderers",
    "type" : "GUIDE",
    "metadata" : {
      "modelVersion" : {
        "major" : 1,
        "minor" : 0
      },
      "repoInfo" : {
        "repoHandle" : "A04HpMZQELaabcl-gt-149222-2014-12-22T16:23:54.424Z::gt.xml"
      },
      "contextAttributes" : null,
      "additionalInfo" : {
        "description" : "Dev / Mobile",
        "contentType" : "application/json; charset=utf-8",
        "documentState" : "VALID"
      }
    }
  },
  "dataFileExtension" : "xml",
  "objectRefs" : [ ]
}