{
  "objectInfo" : {
    "id" : "5uolrusOI4Vl2701YoJBWn",
    "name" : "M. View SFDC Info",
    "type" : "GUIDE",
    "metadata" : {
      "modelVersion" : {
        "major" : 1,
        "minor" : 0
      },
      "repoInfo" : {
        "repoHandle" : "Dabcoq3xgjATO9p-gt-149328-2014-12-22T16:23:57.469Z::gt.xml"
      },
      "contextAttributes" : null,
      "additionalInfo" : {
        "description" : "Dev / Mobile",
        "contentType" : "application/json; charset=utf-8",
        "documentState" : "VALID"
      }
    }
  },
  "dataFileExtension" : "xml",
  "objectRefs" : [ ]
}