{
  "objectInfo" : {
    "id" : "eBUA1161zeqdcXeHa8b98g",
    "name" : "Mapping Variable Driven Task Flow",
    "type" : "PROCESS",
    "metadata" : {
      "modelVersion" : {
        "major" : 1,
        "minor" : 0
      },
      "repoInfo" : {
        "repoHandle" : "pjJBUhtycotFgpK-gt-149054-2014-12-22T16:23:48.248Z::pd.xml"
      },
      "contextAttributes" : null,
      "additionalInfo" : {
        "description" : "",
        "contentType" : "application/json; charset=utf-8",
        "documentState" : "VALID"
      }
    }
  },
  "dataFileExtension" : "xml",
  "objectRefs" : [ ]
}