{
  "objectInfo" : {
    "id" : "5OMDSQgGe2IkaG2cS8mBi1",
    "name" : "MasterData",
    "type" : "AI_SERVICE_CONNECTOR",
    "metadata" : {
      "modelVersion" : {
        "major" : 1,
        "minor" : 0
      },
      "repoInfo" : {
        "repoHandle" : "OjiTIKchzt1Y6tM-gt-149028-2014-12-22T16:23:46.649Z::svc.xml"
      },
      "contextAttributes" : null,
      "additionalInfo" : {
        "description" : "MDM services for search",
        "contentType" : "application/json; charset=utf-8",
        "documentState" : "VALID"
      }
    }
  },
  "dataFileExtension" : "xml",
  "objectRefs" : [ ]
}