{
  "objectInfo" : {
    "id" : "26iA3d6GQb1eaThXy1uacF",
    "name" : "Mashery API V3",
    "type" : "AI_SERVICE_CONNECTOR",
    "metadata" : {
      "modelVersion" : {
        "major" : 1,
        "minor" : 0
      },
      "repoInfo" : {
        "repoHandle" : "idpIO3M4WwOC2XZ-gt-148764-2014-12-22T16:23:39.143Z::svc.xml"
      },
      "contextAttributes" : null,
      "additionalInfo" : {
        "description" : "This is the interactive documentation for the V3 API. Please note that this API is in Beta. The Generally Available version might change the call signatures, response structures, etc.. Please contact Support if you have any questions.",
        "contentType" : "application/json; charset=utf-8",
        "documentState" : "VALID"
      }
    }
  },
  "dataFileExtension" : "xml",
  "objectRefs" : [ ]
}