{
  "objectInfo" : {
    "id" : "3cAmO9KLtWic6o5BG4ZhoT",
    "name" : "MDESearchMatchEchoConn",
    "type" : "AI_CONNECTION",
    "metadata" : {
      "modelVersion" : {
        "major" : 1,
        "minor" : 0
      },
      "repoInfo" : {
        "repoHandle" : "OImXycotFgpKi9z-gt-149022-2014-12-22T16:23:46.5Z::conn.xml"
      },
      "contextAttributes" : null,
      "additionalInfo" : {
        "description" : "",
        "contentType" : "application/json; charset=utf-8",
        "documentState" : "VALID"
      }
    }
  },
  "dataFileExtension" : "xml",
  "objectRefs" : [ {
    "id" : "73pfScUpdsmhbmjXK0yYUi",
    "name" : "MDE Search Match Echo",
    "type" : "AI_SERVICE_CONNECTOR",
    "metadata" : {
      "modelVersion" : {
        "major" : 1,
        "minor" : 0
      },
      "repoInfo" : {
        "repoHandle" : "Saaaaa-gt-149336-2014-12-22T16:23:57.714Z::svc.xml"
      },
      "contextAttributes" : null,
      "additionalInfo" : {
        "description" : "MDE search match api",
        "contentType" : "application/json; charset=utf-8",
        "documentState" : "VALID"
      }
    },
    "path" : "/Explore/Default"
  } ]
}