{
  "objectInfo" : {
    "id" : "5ouAjG16axzcYLRxtVppaV",
    "name" : "MDESearchMatch",
    "type" : "PROCESS",
    "metadata" : {
      "modelVersion" : {
        "major" : 1,
        "minor" : 0
      },
      "repoInfo" : {
        "repoHandle" : "4i5rdsMkdypKwKB-gt-148788-2014-12-22T16:23:39.895Z::pd.xml"
      },
      "contextAttributes" : null,
      "additionalInfo" : {
        "description" : "",
        "contentType" : "application/json; charset=utf-8",
        "documentState" : "VALID"
      }
    }
  },
  "dataFileExtension" : "xml",
  "objectRefs" : [ {
    "id" : "4aLRmAOl0eOhqyORyabkqt",
    "name" : "MDESearchMatchConn",
    "type" : "AI_CONNECTION",
    "metadata" : {
      "modelVersion" : {
        "major" : 1,
        "minor" : 0
      },
      "repoInfo" : {
        "repoHandle" : "k9ZmtK9hCHbf2XZ-gt-149044-2014-12-22T16:23:47.17Z::conn.xml"
      },
      "contextAttributes" : null,
      "additionalInfo" : {
        "description" : "",
        "contentType" : "application/json; charset=utf-8",
        "documentState" : "VALID"
      }
    },
    "path" : "/Explore/Default"
  }, {
    "id" : "0j2a7XpxDwBbsh8ieGbS2O",
    "name" : "record",
    "type" : "PROCESS_OBJECT",
    "metadata" : {
      "modelVersion" : {
        "major" : 1,
        "minor" : 0
      },
      "repoInfo" : {
        "repoHandle" : "XyDQeH2PKDC0hCH-gt-149064-2014-12-22T16:23:49.796Z::po.xml"
      },
      "contextAttributes" : null,
      "additionalInfo" : {
        "description" : "Generic record where field objects are name/stringValue pairs.",
        "contentType" : "application/json; charset=utf-8",
        "documentState" : "VALID"
      }
    },
    "path" : "/Explore/Default"
  } ]
}