{
  "objectInfo" : {
    "id" : "4aLRmAOl0eOhqyORyabkqt",
    "name" : "MDESearchMatchConn",
    "type" : "AI_CONNECTION",
    "metadata" : {
      "modelVersion" : {
        "major" : 1,
        "minor" : 0
      },
      "repoInfo" : {
        "repoHandle" : "k9ZmtK9hCHbf2XZ-gt-149044-2014-12-22T16:23:47.17Z::conn.xml"
      },
      "contextAttributes" : null,
      "additionalInfo" : {
        "description" : "",
        "contentType" : "application/json; charset=utf-8",
        "documentState" : "VALID"
      }
    }
  },
  "dataFileExtension" : "xml",
  "objectRefs" : [ {
    "id" : "auvt7AAgYQtlvAz0sbcx0r",
    "name" : "MDE Search Match",
    "type" : "AI_SERVICE_CONNECTOR",
    "metadata" : {
      "modelVersion" : {
        "major" : 1,
        "minor" : 0
      },
      "repoInfo" : {
        "repoHandle" : "67WHK80FIRi92qB-gt-149474-2014-12-22T16:24:01.793Z::svc.xml"
      },
      "contextAttributes" : null,
      "additionalInfo" : {
        "description" : "MDE search match api",
        "contentType" : "application/json; charset=utf-8",
        "documentState" : "VALID"
      }
    },
    "path" : "/Explore/Default"
  } ]
}