{
  "objectInfo" : {
    "id" : "2S4NXKydy6ocYIlkNEcrUW",
    "name" : "MDMSampleReST",
    "type" : "AI_SERVICE_CONNECTOR",
    "metadata" : {
      "modelVersion" : {
        "major" : 1,
        "minor" : 0
      },
      "repoInfo" : {
        "repoHandle" : "8AyNnQMMnGbciZB-gt-7748-2015-02-08T21:47:32.961Z::svc.xml"
      },
      "contextAttributes" : null,
      "additionalInfo" : {
        "description" : "",
        "contentType" : "application/json; charset=utf-8",
        "documentState" : "VALID"
      }
    }
  },
  "dataFileExtension" : "xml",
  "objectRefs" : [ ]
}