{
  "objectInfo" : {
    "id" : "60h8KRke00Dj0scm3qLKYd",
    "name" : "MDMBDESearch",
    "type" : "AI_SERVICE_CONNECTOR",
    "metadata" : {
      "modelVersion" : {
        "major" : 1,
        "minor" : 0
      },
      "repoInfo" : {
        "repoHandle" : "TEyE0aaaaaaaaaa-gt-149234-2014-12-22T16:23:54.738Z::svc.xml"
      },
      "contextAttributes" : null,
      "additionalInfo" : {
        "description" : "MDM Big Data Relationship Management - Search Service",
        "contentType" : "application/json; charset=utf-8",
        "documentState" : "VALID"
      }
    }
  },
  "dataFileExtension" : "xml",
  "objectRefs" : [ ]
}