{
  "objectInfo" : {
    "id" : "asQZvLAZPkIeaIkrboVLyO",
    "name" : "MDMJMSAnyListener",
    "type" : "PROCESS",
    "metadata" : {
      "modelVersion" : {
        "major" : 1,
        "minor" : 0
      },
      "repoInfo" : {
        "repoHandle" : "5RKWa-gt-60874-2015-02-10T20:49:06.691Z::pd.xml"
      },
      "contextAttributes" : null,
      "additionalInfo" : {
        "description" : "test",
        "contentType" : "application/json; charset=utf-8",
        "documentState" : "VALID"
      }
    }
  },
  "dataFileExtension" : "xml",
  "objectRefs" : [ {
    "id" : "2yP4IG0A1yZlRi5Wjp7FUA",
    "name" : "insertEvent",
    "type" : "PROCESS_OBJECT",
    "metadata" : {
      "modelVersion" : {
        "major" : 1,
        "minor" : 0
      },
      "repoInfo" : {
        "repoHandle" : "rteIssjqluQgabc-gt-7728-2015-02-08T21:47:32.288Z::po.xml"
      },
      "contextAttributes" : null,
      "additionalInfo" : {
        "description" : "",
        "contentType" : "application/json; charset=utf-8",
        "documentState" : "VALID"
      }
    },
    "path" : "/Explore/Default"
  }, {
    "id" : "8kZAU5puZNkdyecLhjUaUb",
    "name" : "siperianAnyEvent",
    "type" : "PROCESS_OBJECT",
    "metadata" : {
      "modelVersion" : {
        "major" : 1,
        "minor" : 0
      },
      "repoInfo" : {
        "repoHandle" : "MMkdypKwKBqRi92-gt-60730-2015-02-10T20:47:13.613Z::po.xml"
      },
      "contextAttributes" : null,
      "additionalInfo" : {
        "description" : "MDM JMS Package Based on MDM Package pkgIcrtParty",
        "contentType" : "application/json; charset=utf-8",
        "documentState" : "VALID"
      }
    },
    "path" : "/Explore/Default"
  }, {
    "id" : "4LPKyb3WtGvgoYjI6CCXeE",
    "name" : "updateEvent",
    "type" : "PROCESS_OBJECT",
    "metadata" : {
      "modelVersion" : {
        "major" : 1,
        "minor" : 0
      },
      "repoInfo" : {
        "repoHandle" : "eMVX3cjk91pqrzY-gt-58133-2015-02-10T19:40:46.078Z::po.xml"
      },
      "contextAttributes" : null,
      "additionalInfo" : {
        "description" : "",
        "contentType" : "application/json; charset=utf-8",
        "documentState" : "VALID"
      }
    },
    "path" : "/Explore/Default"
  }, {
    "id" : "2ZcFdO3DyWghsNlC34rbKd",
    "name" : "DoInsert",
    "type" : "PROCESS",
    "metadata" : {
      "modelVersion" : {
        "major" : 1,
        "minor" : 0
      },
      "repoInfo" : {
        "repoHandle" : "9pNz6HKoJBUhtyc-gt-87996-2015-02-11T15:00:07.976Z::pd.xml"
      },
      "contextAttributes" : null,
      "additionalInfo" : {
        "description" : "test",
        "contentType" : "application/json; charset=utf-8",
        "documentState" : "VALID"
      }
    },
    "path" : "/Explore/Default"
  }, {
    "id" : "h4OsiS6YOClgLWTdUi3s0m",
    "name" : "DoUpdate",
    "type" : "PROCESS",
    "metadata" : {
      "modelVersion" : {
        "major" : 1,
        "minor" : 0
      },
      "repoInfo" : {
        "repoHandle" : "sdwcnPCOkSSHCwk-gt-87907-2015-02-11T15:00:00.301Z::pd.xml"
      },
      "contextAttributes" : null,
      "additionalInfo" : {
        "description" : "test",
        "contentType" : "application/json; charset=utf-8",
        "documentState" : "VALID"
      }
    },
    "path" : "/Explore/Default"
  } ]
}