{
  "objectInfo" : {
    "id" : "38C0cmEl97BgGs36qIG36d",
    "name" : "MDMJMSUpdateListener",
    "type" : "PROCESS",
    "metadata" : {
      "modelVersion" : {
        "major" : 1,
        "minor" : 0
      },
      "repoInfo" : {
        "repoHandle" : "luCBghNf4TsrT2h-gt-58092-2015-02-10T19:39:54.182Z::pd.xml"
      },
      "contextAttributes" : null,
      "additionalInfo" : {
        "description" : "test",
        "contentType" : "application/json; charset=utf-8",
        "documentState" : "VALID"
      }
    }
  },
  "dataFileExtension" : "xml",
  "objectRefs" : [ {
    "id" : "2bk7XQzAzObfULlY9xxX2p",
    "name" : "siperianUpdateEvent",
    "type" : "PROCESS_OBJECT",
    "metadata" : {
      "modelVersion" : {
        "major" : 1,
        "minor" : 0
      },
      "repoInfo" : {
        "repoHandle" : "SLeJljxcghuImXy-gt-58110-2015-02-10T19:40:10.711Z::po.xml"
      },
      "contextAttributes" : null,
      "additionalInfo" : {
        "description" : "MDM JMS Package Based on MDM Package pkgIcrtParty",
        "contentType" : "application/json; charset=utf-8",
        "documentState" : "VALID"
      }
    },
    "path" : "/Explore/Default"
  } ]
}