{
  "objectInfo" : {
    "id" : "10wIZFjzxRrgw2sklubcIp",
    "name" : "MDMJMSListener",
    "type" : "PROCESS",
    "metadata" : {
      "modelVersion" : {
        "major" : 1,
        "minor" : 0
      },
      "repoInfo" : {
        "repoHandle" : "KBqRi92qBbbeJOS-gt-7736-2015-02-08T21:47:32.595Z::pd.xml"
      },
      "contextAttributes" : null,
      "additionalInfo" : {
        "description" : "test",
        "contentType" : "application/json; charset=utf-8",
        "documentState" : "VALID"
      }
    }
  },
  "dataFileExtension" : "xml",
  "objectRefs" : [ {
    "id" : "1ivR50zULwjkVzmcEBEEsp",
    "name" : "siperianEvent",
    "type" : "PROCESS_OBJECT",
    "metadata" : {
      "modelVersion" : {
        "major" : 1,
        "minor" : 0
      },
      "repoInfo" : {
        "repoHandle" : "YFsWTzIf6riX2FN-gt-7744-2015-02-08T21:47:32.809Z::po.xml"
      },
      "contextAttributes" : null,
      "additionalInfo" : {
        "description" : "MDM JMS Package Based on MDM Package pkgIcrtParty\n",
        "contentType" : "application/json; charset=utf-8",
        "documentState" : "VALID"
      }
    },
    "path" : "/Explore/Default"
  } ]
}