{
  "objectInfo" : {
    "id" : "0Ib9g8gnf6ycFwKyrKmgWo",
    "name" : "MDMJMSObjectListListener",
    "type" : "PROCESS",
    "metadata" : {
      "modelVersion" : {
        "major" : 1,
        "minor" : 0
      },
      "repoInfo" : {
        "repoHandle" : "6ZeM7pppppppppp-gt-91891-2015-02-11T17:18:09.93Z::pd.xml"
      },
      "contextAttributes" : null,
      "additionalInfo" : {
        "description" : "test",
        "contentType" : "application/json; charset=utf-8",
        "documentState" : "VALID"
      }
    }
  },
  "dataFileExtension" : "xml",
  "objectRefs" : [ {
    "id" : "52c4YyOnqyTi3swsGUoTeO",
    "name" : "DoUpdateList",
    "type" : "PROCESS",
    "metadata" : {
      "modelVersion" : {
        "major" : 1,
        "minor" : 0
      },
      "repoInfo" : {
        "repoHandle" : "T6JfOMWSwxF1T4W-gt-92510-2015-02-11T17:34:11.734Z::pd.xml"
      },
      "contextAttributes" : null,
      "additionalInfo" : {
        "description" : "test",
        "contentType" : "application/json; charset=utf-8",
        "documentState" : "VALID"
      }
    },
    "path" : "/Explore/Default"
  }, {
    "id" : "8kZAU5puZNkdyecLhjUaUb",
    "name" : "siperianAnyEvent",
    "type" : "PROCESS_OBJECT",
    "metadata" : {
      "modelVersion" : {
        "major" : 1,
        "minor" : 0
      },
      "repoInfo" : {
        "repoHandle" : "MMkdypKwKBqRi92-gt-60730-2015-02-10T20:47:13.613Z::po.xml"
      },
      "contextAttributes" : null,
      "additionalInfo" : {
        "description" : "MDM JMS Package Based on MDM Package pkgIcrtParty",
        "contentType" : "application/json; charset=utf-8",
        "documentState" : "VALID"
      }
    },
    "path" : "/Explore/Default"
  }, {
    "id" : "cyj0LNUYGGgeBoeYKig72D",
    "name" : "DoInsertList",
    "type" : "PROCESS",
    "metadata" : {
      "modelVersion" : {
        "major" : 1,
        "minor" : 0
      },
      "repoInfo" : {
        "repoHandle" : "hJEaaaaaaaaaaaa-gt-92321-2015-02-11T17:30:19.125Z::pd.xml"
      },
      "contextAttributes" : null,
      "additionalInfo" : {
        "description" : "test",
        "contentType" : "application/json; charset=utf-8",
        "documentState" : "VALID"
      }
    },
    "path" : "/Explore/Default"
  } ]
}