{
  "objectInfo" : {
    "id" : "0SlIgfEJVOtkaOnc60l4Uy",
    "name" : "MsDynamicsSvcCn",
    "type" : "AI_SERVICE_CONNECTOR",
    "metadata" : {
      "modelVersion" : {
        "major" : 1,
        "minor" : 0
      },
      "repoInfo" : {
        "repoHandle" : "P3saabclvAhrswV-gt-318972-2015-10-28T21:03:33.677Z::svc.xml"
      },
      "contextAttributes" : null,
      "additionalInfo" : {
        "description" : "Version 1",
        "contentType" : "application/json; charset=utf-8",
        "documentState" : "VALID"
      }
    }
  },
  "dataFileExtension" : "xml",
  "objectRefs" : [ ]
}