{
  "objectInfo" : {
    "id" : "6tTQxHnqNqodPyR4X8z8qx",
    "name" : "MultiTargetParametersTask",
    "type" : "MTT",
    "metadata" : {
      "modelVersion" : {
        "major" : 0,
        "minor" : 0
      },
      "repoInfo" : {
        "repoHandle" : "000QJ10Z000000000004"
      },
      "contextAttributes" : [ {
        "name" : "id",
        "value" : "@1"
      } ],
      "additionalInfo" : {
        "description" : "",
        "contentType" : "JSON",
        "documentState" : "VALID"
      }
    }
  },
  "dataFileExtension" : "zip",
  "objectRefs" : [ {
    "id" : "1AroGqUm95nk39MScHuzgP",
    "name" : "BhimSFConnection",
    "type" : "Connection",
    "metadata" : {
      "modelVersion" : {
        "major" : 0,
        "minor" : 0
      },
      "repoInfo" : {
        "repoHandle" : "000QJ10B000000000004"
      },
      "contextAttributes" : null,
      "additionalInfo" : {
        "description" : "Bhim's Salesforce Connection",
        "contentType" : "JSON",
        "documentState" : "VALID"
      }
    },
    "path" : "/SYS"
  }, {
    "id" : "8vUCPR0A6meiEGuOATP7UJ",
    "name" : "Bhim-MultiTarget-Parameters",
    "type" : "DTEMPLATE",
    "metadata" : {
      "modelVersion" : {
        "major" : 0,
        "minor" : 0
      },
      "repoInfo" : {
        "repoHandle" : "000QJ117000000000003"
      },
      "contextAttributes" : null,
      "additionalInfo" : {
        "description" : "Export Opportunities to Multiple Targets based on the probability",
        "contentType" : "JSON",
        "documentState" : "VALID"
      }
    },
    "path" : "/Explore/Default"
  }, {
    "id" : "lmekLPkkcGTddhIqF6WoEK",
    "name" : "BhimFFConnection",
    "type" : "Connection",
    "metadata" : {
      "modelVersion" : {
        "major" : 0,
        "minor" : 0
      },
      "repoInfo" : {
        "repoHandle" : "000QJ10B000000000005"
      },
      "contextAttributes" : null,
      "additionalInfo" : {
        "description" : "Flat Files Connection",
        "contentType" : "JSON",
        "documentState" : "VALID"
      }
    },
    "path" : "/SYS"
  }, {
    "id" : "9fAgEfIoO2AchzhHUH9DUJ",
    "name" : "BhimAgent",
    "type" : "AgentGroup",
    "metadata" : {
      "modelVersion" : {
        "major" : 0,
        "minor" : 0
      },
      "repoInfo" : {
        "repoHandle" : "000QJ125000000000004"
      },
      "contextAttributes" : null,
      "additionalInfo" : {
        "description" : null,
        "contentType" : "JSON",
        "documentState" : "VALID"
      }
    },
    "path" : "/SYS"
  } ]
}