{
  "objectInfo" : {
    "id" : "1F4X5ZMOGoHjCo7300vvOa",
    "name" : "MultiTarget-Bhim",
    "type" : "DTEMPLATE",
    "metadata" : {
      "modelVersion" : {
        "major" : 0,
        "minor" : 0
      },
      "repoInfo" : {
        "repoHandle" : "000QJ117000000000002"
      },
      "contextAttributes" : [ {
        "name" : "id",
        "value" : "@1"
      } ],
      "additionalInfo" : {
        "description" : "Export Opportunities to Multiple Targets based on the probability",
        "contentType" : "JSON",
        "documentState" : "VALID"
      }
    }
  },
  "dataFileExtension" : "zip",
  "objectRefs" : [ {
    "id" : "1AroGqUm95nk39MScHuzgP",
    "name" : "BhimSFConnection",
    "type" : "Connection",
    "metadata" : {
      "modelVersion" : {
        "major" : 0,
        "minor" : 0
      },
      "repoInfo" : {
        "repoHandle" : "000QJ10B000000000004"
      },
      "contextAttributes" : null,
      "additionalInfo" : {
        "description" : "Bhim's Salesforce Connection",
        "contentType" : "JSON",
        "documentState" : "VALID"
      }
    },
    "path" : "/SYS"
  }, {
    "id" : "lmekLPkkcGTddhIqF6WoEK",
    "name" : "BhimFFConnection",
    "type" : "Connection",
    "metadata" : {
      "modelVersion" : {
        "major" : 0,
        "minor" : 0
      },
      "repoInfo" : {
        "repoHandle" : "000QJ10B000000000005"
      },
      "contextAttributes" : null,
      "additionalInfo" : {
        "description" : "Flat Files Connection",
        "contentType" : "JSON",
        "documentState" : "VALID"
      }
    },
    "path" : "/SYS"
  } ]
}