{
  "objectInfo" : {
    "id" : "3kkslN7nDw7gFhfFVD9V4B",
    "name" : "MyFileLoggerProcess",
    "type" : "PROCESS",
    "metadata" : {
      "modelVersion" : {
        "major" : 1,
        "minor" : 0
      },
      "repoInfo" : {
        "repoHandle" : "PnE29Em2kVNKSmv-gt-251366-2016-04-25T13:24:06.67Z::pd.xml"
      },
      "contextAttributes" : null,
      "additionalInfo" : {
        "description" : "Filewriter/reader example from KB 376634",
        "contentType" : "application/json; charset=utf-8",
        "documentState" : "VALID"
      }
    }
  },
  "dataFileExtension" : "xml",
  "objectRefs" : [ {
    "id" : "5TgHW6qN2QcgvAHZjRhY8j",
    "name" : "FileConnection-1",
    "type" : "AI_CONNECTION",
    "metadata" : {
      "modelVersion" : {
        "major" : 1,
        "minor" : 0
      },
      "repoInfo" : {
        "repoHandle" : "n7QnG5YLnzYLnzY-gt-250968-2016-04-25T13:23:22Z::conn.xml"
      },
      "contextAttributes" : null,
      "additionalInfo" : {
        "description" : "",
        "contentType" : "application/json; charset=utf-8",
        "documentState" : "VALID"
      }
    },
    "path" : "/Explore/Default"
  } ]
}