{
  "objectInfo" : {
    "id" : "0dVA08F6HNTetWyj39VsU5",
    "name" : "MySQLOData",
    "type" : "AI_CONNECTION",
    "metadata" : {
      "modelVersion" : {
        "major" : 1,
        "minor" : 0
      },
      "repoInfo" : {
        "repoHandle" : "KLUaaaaabbgdoGs-gt-149122-2014-12-22T16:23:51.588Z::conn.xml"
      },
      "contextAttributes" : null,
      "additionalInfo" : {
        "description" : "",
        "contentType" : "application/json; charset=utf-8",
        "documentState" : "VALID"
      }
    }
  },
  "dataFileExtension" : "xml",
  "objectRefs" : [ ]
}