{
  "objectInfo" : {
    "id" : "eWZBCScXGCBedVJnZzf4oZ",
    "name" : "MySQL-JW",
    "type" : "AI_CONNECTION",
    "metadata" : {
      "modelVersion" : {
        "major" : 1,
        "minor" : 0
      },
      "repoInfo" : {
        "repoHandle" : "22Cv2jop81V4Ady-gt-149276-2014-12-22T16:23:55.865Z::conn.xml"
      },
      "contextAttributes" : null,
      "additionalInfo" : {
        "description" : "",
        "contentType" : "application/json; charset=utf-8",
        "documentState" : "VALID"
      }
    }
  },
  "dataFileExtension" : "xml",
  "objectRefs" : [ ]
}