{
  "objectInfo" : {
    "id" : "35kAT2uY44jlt52YkOnu6d",
    "name" : "MySQL-JDBC-Conn-Basav",
    "type" : "AI_CONNECTION",
    "metadata" : {
      "modelVersion" : {
        "major" : 1,
        "minor" : 0
      },
      "repoInfo" : {
        "repoHandle" : "T3WabeAzu2JQhtG-gt-1516568-2016-06-25T03:22:27.727Z::conn.xml"
      },
      "contextAttributes" : null,
      "additionalInfo" : {
        "description" : "",
        "contentType" : "application/json; charset=utf-8",
        "documentState" : "VALID"
      }
    }
  },
  "dataFileExtension" : "xml",
  "objectRefs" : [ ]
}