{
  "objectInfo" : {
    "id" : "3pOhnT4DPomiYRPpvHjLIQ",
    "name" : "MySQL-JDBC-Conn-Basav-Local",
    "type" : "AI_CONNECTION",
    "metadata" : {
      "modelVersion" : {
        "major" : 1,
        "minor" : 0
      },
      "repoInfo" : {
        "repoHandle" : "Z0seGbciZBpDUQb-gt-46948-2016-06-26T17:46:32.82Z::conn.xml"
      },
      "contextAttributes" : null,
      "additionalInfo" : {
        "description" : "",
        "contentType" : "application/json; charset=utf-8",
        "documentState" : "VALID"
      }
    }
  },
  "dataFileExtension" : "xml",
  "objectRefs" : [ ]
}