{
  "objectInfo" : {
    "id" : "3buWtckWnBOkDg3diCOF2y",
    "name" : "NetSuiteCloudART",
    "type" : "AI_SERVICE_CONNECTOR",
    "metadata" : {
      "modelVersion" : {
        "major" : 1,
        "minor" : 0
      },
      "repoInfo" : {
        "repoHandle" : "vds8NTYglxbdypK-gt-149292-2014-12-22T16:23:56.347Z::svc.xml"
      },
      "contextAttributes" : null,
      "additionalInfo" : {
        "description" : "NetSuite Service Connector - CloudART",
        "contentType" : "application/json; charset=utf-8",
        "documentState" : "VALID"
      }
    }
  },
  "dataFileExtension" : "xml",
  "objectRefs" : [ ]
}