{
  "objectInfo" : {
    "id" : "3youJgPodDClhq4cpHZxcJ",
    "name" : "NetSuite Demo Guide",
    "type" : "GUIDE",
    "metadata" : {
      "modelVersion" : {
        "major" : 1,
        "minor" : 0
      },
      "repoInfo" : {
        "repoHandle" : "E6N8jIw8jIw8jIw-gt-149398-2014-12-22T16:23:59.499Z::gt.xml"
      },
      "contextAttributes" : null,
      "additionalInfo" : {
        "description" : "",
        "contentType" : "application/json; charset=utf-8",
        "documentState" : "VALID"
      }
    }
  },
  "dataFileExtension" : "xml",
  "objectRefs" : [ ]
}