{
  "objectInfo" : {
    "id" : "kHPOw0dC7cNdPyjo78qoU5",
    "name" : "NetSuite-1",
    "type" : "AI_SERVICE_CONNECTOR",
    "metadata" : {
      "modelVersion" : {
        "major" : 1,
        "minor" : 0
      },
      "repoInfo" : {
        "repoHandle" : "abbfZk9EW4ARW8U-gt-148830-2014-12-22T16:23:41.013Z::svc.xml"
      },
      "contextAttributes" : null,
      "additionalInfo" : {
        "description" : "NetSuite services",
        "contentType" : "application/json; charset=utf-8",
        "documentState" : "VALID"
      }
    }
  },
  "dataFileExtension" : "xml",
  "objectRefs" : [ ]
}