{
  "objectInfo" : {
    "id" : "4LV5N6hp3kYhPcpQKtVdKN",
    "name" : "NetSuiteDemo",
    "type" : "AI_SERVICE_CONNECTOR",
    "metadata" : {
      "modelVersion" : {
        "major" : 1,
        "minor" : 0
      },
      "repoInfo" : {
        "repoHandle" : "0dxPVIKchzt1Y6t-gt-149280-2014-12-22T16:23:55.985Z::svc.xml"
      },
      "contextAttributes" : null,
      "additionalInfo" : {
        "description" : "",
        "contentType" : "application/json; charset=utf-8",
        "documentState" : "VALID"
      }
    }
  },
  "dataFileExtension" : "xml",
  "objectRefs" : [ ]
}