{
  "objectInfo" : {
    "id" : "0TeGetUt3Jhj8QTbd7t1av",
    "name" : "NetSuiteTest",
    "type" : "AI_CONNECTION",
    "metadata" : {
      "modelVersion" : {
        "major" : 1,
        "minor" : 0
      },
      "repoInfo" : {
        "repoHandle" : "BfWWCSHbf13ErhN-gt-149260-2014-12-22T16:23:55.448Z::conn.xml"
      },
      "contextAttributes" : null,
      "additionalInfo" : {
        "description" : "",
        "contentType" : "application/json; charset=utf-8",
        "documentState" : "VALID"
      }
    }
  },
  "dataFileExtension" : "xml",
  "objectRefs" : [ {
    "id" : "gdO0LPjKnUgl4MWuWbGS4s",
    "name" : "NetSuite",
    "type" : "AI_SERVICE_CONNECTOR",
    "metadata" : {
      "modelVersion" : {
        "major" : 1,
        "minor" : 0
      },
      "repoInfo" : {
        "repoHandle" : "WHK80FIRi92qBbb-gt30087552-2014-08-19T17:12:28.778Z::svc.xml"
      },
      "contextAttributes" : null,
      "additionalInfo" : {
        "description" : "NetSuite services",
        "contentType" : "application/json; charset=utf-8",
        "documentState" : "VALID"
      }
    },
    "path" : "/Explore/Default"
  } ]
}