{
  "objectInfo" : {
    "id" : "gdO0LPjKnUgl4MWuWbGS4s",
    "name" : "NetSuite",
    "type" : "AI_SERVICE_CONNECTOR",
    "metadata" : {
      "modelVersion" : {
        "major" : 1,
        "minor" : 0
      },
      "repoInfo" : {
        "repoHandle" : "WHK80FIRi92qBbb-gt30087552-2014-08-19T17:12:28.778Z::svc.xml"
      },
      "contextAttributes" : null,
      "additionalInfo" : {
        "description" : "NetSuite services",
        "contentType" : "application/json; charset=utf-8",
        "documentState" : "VALID"
      }
    }
  },
  "dataFileExtension" : "xml",
  "objectRefs" : [ ]
}