{
  "objectInfo" : {
    "id" : "9qr9SbKYX8YkYQlhguvme9",
    "name" : "New Case",
    "type" : "GUIDE",
    "metadata" : {
      "modelVersion" : {
        "major" : 1,
        "minor" : 0
      },
      "repoInfo" : {
        "repoHandle" : "GOUwvwNXHVOJ2oT-gt-149060-2014-12-22T16:23:49.516Z::gt.xml"
      },
      "contextAttributes" : null,
      "additionalInfo" : {
        "description" : "",
        "contentType" : "application/json; charset=utf-8",
        "documentState" : "VALID"
      }
    }
  },
  "dataFileExtension" : "xml",
  "objectRefs" : [ ]
}