{
  "objectInfo" : {
    "id" : "0DFZS0yHMqXcipfW58A5O7",
    "name" : "New Case Set Up",
    "type" : "GUIDE",
    "metadata" : {
      "modelVersion" : {
        "major" : 1,
        "minor" : 0
      },
      "repoInfo" : {
        "repoHandle" : "tdxsnCmp6oIuQaa-gt-148946-2014-12-22T16:23:44.317Z::gt.xml"
      },
      "contextAttributes" : null,
      "additionalInfo" : {
        "description" : "Create a new case for customer service",
        "contentType" : "application/json; charset=utf-8",
        "documentState" : "VALID"
      }
    }
  },
  "dataFileExtension" : "xml",
  "objectRefs" : [ ]
}