{
  "objectInfo" : {
    "id" : "0mxpXRIO9C1gjcYx4Ngf8B",
    "name" : "OauthCallback",
    "type" : "PROCESS",
    "metadata" : {
      "modelVersion" : {
        "major" : 1,
        "minor" : 0
      },
      "repoInfo" : {
        "repoHandle" : "G45YLnzYLnzYLnz-gt-148954-2014-12-22T16:23:44.528Z::pd.xml"
      },
      "contextAttributes" : null,
      "additionalInfo" : {
        "description" : "",
        "contentType" : "application/json; charset=utf-8",
        "documentState" : "VALID"
      }
    }
  },
  "dataFileExtension" : "xml",
  "objectRefs" : [ ]
}