{
  "objectInfo" : {
    "id" : "6EiI6nwsKZYdIQZT88Lp2u",
    "name" : "OEBSAutoServiceWrapper",
    "type" : "PROCESS",
    "metadata" : {
      "modelVersion" : {
        "major" : 1,
        "minor" : 0
      },
      "repoInfo" : {
        "repoHandle" : "Cf5GkeHy2uI5CUP-gt30734464-2014-08-20T19:34:35.459Z::pd.xml"
      },
      "contextAttributes" : null,
      "additionalInfo" : {
        "description" : "",
        "contentType" : "application/json; charset=utf-8",
        "documentState" : "VALID"
      }
    }
  },
  "dataFileExtension" : "xml",
  "objectRefs" : [ ]
}