{
  "objectInfo" : {
    "id" : "2b6R4RBMkdhdHD6q5Mvku8",
    "name" : "OlsonRestAPI",
    "type" : "AI_CONNECTION",
    "metadata" : {
      "modelVersion" : {
        "major" : 1,
        "minor" : 0
      },
      "repoInfo" : {
        "repoHandle" : "Wm9D3LSLeJljxcg-gt-5736653-2017-05-24T14:23:06.978Z::conn.xml"
      },
      "contextAttributes" : null,
      "additionalInfo" : {
        "description" : "Olson Latest Service connector \nMay 15th 2017",
        "contentType" : "application/json; charset=utf-8",
        "documentState" : "VALID"
      }
    }
  },
  "dataFileExtension" : "xml",
  "objectRefs" : [ ]
}