{
  "objectInfo" : {
    "id" : "cDV224tG6s3iJgRLm4fKgU",
    "name" : "OlsonRESTAPI",
    "type" : "AI_SERVICE_CONNECTOR",
    "metadata" : {
      "modelVersion" : {
        "major" : 1,
        "minor" : 0
      },
      "repoInfo" : {
        "repoHandle" : "AKmabeAzu2JQhtG-gt-5737087-2017-05-24T14:23:17.431Z::svc.xml"
      },
      "contextAttributes" : null,
      "additionalInfo" : {
        "description" : "API documentation for consumer endpoints.\n\nNote that to access certain endpoints the user will need to Authenicate and complete one of the two form authencation endpoints.\n\n## Headers\nThe header parameters client_id and client_secret will be required for all requests, these values will be supplied to the requester to allow access to the API. ```\n   client_id=123456789\n   client_secret=123456789\n```\nThe header parameter \"transaction_id\" is optional for all requests. This header is used to relate requests between systems. Olson will update audit tables with the value of this header if the value of the transaction_id header if present. It is recommended to set this value if there is a transaction id related to this request.\nThe header parameter \"Authorization\" is required for all authenticated calls, see security section for more details. Note that the value of this header should start with \"Bearer\".\n\n## Error Responses\n### The Structure\nEvery error response will have the same strucure.\n```json\n{    \"errorCode\":",
        "contentType" : "application/json; charset=utf-8",
        "documentState" : "VALID"
      }
    }
  },
  "dataFileExtension" : "xml",
  "objectRefs" : [ ]
}