{
  "objectInfo" : {
    "id" : "1wuHlGSZRMUgDhmPfOh42W",
    "name" : "Opportunity",
    "type" : "PROCESS_OBJECT",
    "metadata" : {
      "modelVersion" : {
        "major" : 1,
        "minor" : 0
      },
      "repoInfo" : {
        "repoHandle" : "u98dpgbcggaaaaa-gt-3961089-2016-01-19T22:26:47.331Z::po.xml"
      },
      "contextAttributes" : null,
      "additionalInfo" : {
        "description" : "Opportunity DT",
        "contentType" : "application/json; charset=utf-8",
        "documentState" : "VALID"
      }
    }
  },
  "dataFileExtension" : "xml",
  "objectRefs" : [ ]
}