{
  "objectInfo" : {
    "id" : "2IHAsjXFc3edEoNvAoOKyw",
    "name" : "Oracle-CloudART",
    "type" : "AI_CONNECTION",
    "metadata" : {
      "modelVersion" : {
        "major" : 1,
        "minor" : 0
      },
      "repoInfo" : {
        "repoHandle" : "GXbeKLUaaaaabbg-gt-149154-2014-12-22T16:23:52.527Z::conn.xml"
      },
      "contextAttributes" : null,
      "additionalInfo" : {
        "description" : "",
        "contentType" : "application/json; charset=utf-8",
        "documentState" : "VALID"
      }
    }
  },
  "dataFileExtension" : "xml",
  "objectRefs" : [ ]
}