{
  "objectInfo" : {
    "id" : "eb4UBA4hYQYizNDwwLYmEC",
    "name" : "OracleEBSVIS",
    "type" : "AI_CONNECTION",
    "metadata" : {
      "modelVersion" : {
        "major" : 1,
        "minor" : 0
      },
      "repoInfo" : {
        "repoHandle" : "YQSBi9zhFtybdua-gt-403202-2015-03-02T15:06:38.16Z::conn.xml"
      },
      "contextAttributes" : null,
      "additionalInfo" : {
        "description" : "ss",
        "contentType" : "application/json; charset=utf-8",
        "documentState" : "VALID"
      }
    }
  },
  "dataFileExtension" : "xml",
  "objectRefs" : [ ]
}