{
  "objectInfo" : {
    "id" : "6oRXZJ2iAGmeFVKnPiHciC",
    "name" : "OrderItem",
    "type" : "PROCESS_OBJECT",
    "metadata" : {
      "modelVersion" : {
        "major" : 1,
        "minor" : 0
      },
      "repoInfo" : {
        "repoHandle" : "eIYHSCpwNXHS45b-gt-857302-2016-02-09T17:12:12.075Z::po.xml"
      },
      "contextAttributes" : null,
      "additionalInfo" : {
        "description" : "",
        "contentType" : "application/json; charset=utf-8",
        "documentState" : "VALID"
      }
    }
  },
  "dataFileExtension" : "xml",
  "objectRefs" : [ ]
}