{
  "objectInfo" : {
    "id" : "fS8o8ia5vWscAg3muOL1aP",
    "name" : "Package Tracking",
    "type" : "GUIDE",
    "metadata" : {
      "modelVersion" : {
        "major" : 1,
        "minor" : 0
      },
      "repoInfo" : {
        "repoHandle" : "q9dwMbgbdoPVm5Y-gt-149110-2014-12-22T16:23:51.264Z::gt.xml"
      },
      "contextAttributes" : null,
      "additionalInfo" : {
        "description" : "",
        "contentType" : "application/json; charset=utf-8",
        "documentState" : "VALID"
      }
    }
  },
  "dataFileExtension" : "xml",
  "objectRefs" : [ ]
}