{
  "objectInfo" : {
    "id" : "dAv4TbO0IGHiU6WCmWdmQG",
    "name" : "PadInteger",
    "type" : "PROCESS",
    "metadata" : {
      "modelVersion" : {
        "major" : 1,
        "minor" : 0
      },
      "repoInfo" : {
        "repoHandle" : "pAkRtO3M4WwOC2X-gt-449639-2015-12-14T20:35:14.25Z::pd.xml"
      },
      "contextAttributes" : null,
      "additionalInfo" : {
        "description" : "",
        "contentType" : "application/json; charset=utf-8",
        "documentState" : "VALID"
      }
    }
  },
  "dataFileExtension" : "xml",
  "objectRefs" : [ ]
}