{
  "objectInfo" : {
    "id" : "aHPnYKXFqaGhDYDfiDJLux",
    "name" : "ParentProcess-Cloud",
    "type" : "PROCESS",
    "metadata" : {
      "modelVersion" : {
        "major" : 1,
        "minor" : 0
      },
      "repoInfo" : {
        "repoHandle" : "hvAhrswVYx8R8Wr-gt-3032260-2016-06-15T12:31:18.116Z::pd.xml"
      },
      "contextAttributes" : null,
      "additionalInfo" : {
        "description" : "",
        "contentType" : "application/json; charset=utf-8",
        "documentState" : "VALID"
      }
    }
  },
  "dataFileExtension" : "xml",
  "objectRefs" : [ ]
}