{
  "objectInfo" : {
    "id" : "iQOmONq0QYblsD0kfn20iw",
    "name" : "PartsPricingData",
    "type" : "AI_CONNECTION",
    "metadata" : {
      "modelVersion" : {
        "major" : 1,
        "minor" : 0
      },
      "repoInfo" : {
        "repoHandle" : "VOJ2oTVMTonQYWe-gt-149470-2014-12-22T16:24:01.677Z::conn.xml"
      },
      "contextAttributes" : null,
      "additionalInfo" : {
        "description" : "",
        "contentType" : "application/json; charset=utf-8",
        "documentState" : "VALID"
      }
    }
  },
  "dataFileExtension" : "xml",
  "objectRefs" : [ ]
}