{
  "objectInfo" : {
    "id" : "6B8HEGSyeamlf7o2ORVXiH",
    "name" : "PayloadRMS",
    "type" : "PROCESS_OBJECT",
    "metadata" : {
      "modelVersion" : {
        "major" : 1,
        "minor" : 0
      },
      "repoInfo" : {
        "repoHandle" : "ypmXbeMVX3cjk91-gt-5884-2014-09-05T15:16:19.403Z::po.xml"
      },
      "contextAttributes" : null,
      "additionalInfo" : {
        "description" : "",
        "contentType" : "application/json; charset=utf-8",
        "documentState" : "VALID"
      }
    }
  },
  "dataFileExtension" : "xml",
  "objectRefs" : [ ]
}