{
  "objectInfo" : {
    "id" : "1A85KuV13h2kkH4zUH94In",
    "name" : "PeopleSoftOracleCn",
    "type" : "AI_CONNECTION",
    "metadata" : {
      "modelVersion" : {
        "major" : 1,
        "minor" : 0
      },
      "repoInfo" : {
        "repoHandle" : "kXUCZ4nzYLnzYLn-gt-2145642-2016-01-14T21:15:55.167Z::conn.xml"
      },
      "contextAttributes" : null,
      "additionalInfo" : {
        "description" : "",
        "contentType" : "application/json; charset=utf-8",
        "documentState" : "VALID"
      }
    }
  },
  "dataFileExtension" : "xml",
  "objectRefs" : [ ]
}