{
  "objectInfo" : {
    "id" : "4yfHPya1MswiP7wL6BKW2P",
    "name" : "PeopleSoftDASCn",
    "type" : "AI_CONNECTION",
    "metadata" : {
      "modelVersion" : {
        "major" : 1,
        "minor" : 0
      },
      "repoInfo" : {
        "repoHandle" : "vVIDhMBu8zbgdwU-gt-2145654-2016-01-14T21:15:55.343Z::conn.xml"
      },
      "contextAttributes" : null,
      "additionalInfo" : {
        "description" : "",
        "contentType" : "application/json; charset=utf-8",
        "documentState" : "VALID"
      }
    }
  },
  "dataFileExtension" : "xml",
  "objectRefs" : [ {
    "id" : "fRgednILCEkeZgFEQn4uuy",
    "name" : "PeopleSoftDASSvcCn",
    "type" : "AI_SERVICE_CONNECTOR",
    "metadata" : {
      "modelVersion" : {
        "major" : 1,
        "minor" : 0
      },
      "repoInfo" : {
        "repoHandle" : "HLGeNTYglxbdypK-gt-2145672-2016-01-14T21:15:55.544Z::svc.xml"
      },
      "contextAttributes" : null,
      "additionalInfo" : {
        "description" : "",
        "contentType" : "application/json; charset=utf-8",
        "documentState" : "VALID"
      }
    },
    "path" : "/Explore/Default"
  } ]
}