{
  "objectInfo" : {
    "id" : "5bm597bsIq5kgbvMJKjsK3",
    "name" : "PIM TASK",
    "type" : "AI_SERVICE_CONNECTOR",
    "metadata" : {
      "modelVersion" : {
        "major" : 1,
        "minor" : 0
      },
      "repoInfo" : {
        "repoHandle" : "x6Ru5V1FyuRZXDy-gt-3480133-2016-03-15T19:13:55.373Z::svc.xml"
      },
      "contextAttributes" : null,
      "additionalInfo" : {
        "description" : "",
        "contentType" : "application/json; charset=utf-8",
        "documentState" : "VALID"
      }
    }
  },
  "dataFileExtension" : "xml",
  "objectRefs" : [ ]
}