{
  "objectInfo" : {
    "id" : "g3ORofErI4PbGQaskRbRuJ",
    "name" : "PJTestGuide",
    "type" : "GUIDE",
    "metadata" : {
      "modelVersion" : {
        "major" : 1,
        "minor" : 0
      },
      "repoInfo" : {
        "repoHandle" : "tIzx6i4tciSrZMS-gt-148842-2014-12-22T16:23:41.309Z::gt.xml"
      },
      "contextAttributes" : null,
      "additionalInfo" : {
        "description" : "",
        "contentType" : "application/json; charset=utf-8",
        "documentState" : "VALID"
      }
    }
  },
  "dataFileExtension" : "xml",
  "objectRefs" : [ ]
}