{
  "objectInfo" : {
    "id" : "ectMsnwECCKk1bT7ZQyoYn",
    "name" : "PlainObject",
    "type" : "PROCESS_OBJECT",
    "metadata" : {
      "modelVersion" : {
        "major" : 1,
        "minor" : 0
      },
      "repoInfo" : {
        "repoHandle" : "mcovp53nQciSrZM-gt-3961081-2016-01-19T22:26:47.201Z::po.xml"
      },
      "contextAttributes" : null,
      "additionalInfo" : {
        "description" : "Plain DT object",
        "contentType" : "application/json; charset=utf-8",
        "documentState" : "VALID"
      }
    }
  },
  "dataFileExtension" : "xml",
  "objectRefs" : [ ]
}