{
  "objectInfo" : {
    "id" : "jWXcLOVyzQMkPitk5EEDUN",
    "name" : "PO-ICSTaskJob",
    "type" : "PROCESS_OBJECT",
    "metadata" : {
      "modelVersion" : {
        "major" : 1,
        "minor" : 0
      },
      "repoInfo" : {
        "repoHandle" : "zfYtjCtbdsreK8Z-gt-4405863-2016-07-25T14:34:12.41Z::po.xml"
      },
      "contextAttributes" : null,
      "additionalInfo" : {
        "description" : "PO for ICS REST interface",
        "contentType" : "application/json; charset=utf-8",
        "documentState" : "VALID"
      }
    }
  },
  "dataFileExtension" : "xml",
  "objectRefs" : [ ]
}