{
  "objectInfo" : {
    "id" : "4NmvOCW6T6vlp3zzhWXd6E",
    "name" : "POICSTaskJob",
    "type" : "PROCESS_OBJECT",
    "metadata" : {
      "modelVersion" : {
        "major" : 1,
        "minor" : 0
      },
      "repoInfo" : {
        "repoHandle" : "SZPE4zlrMZgpDqo-gt-4401814-2016-07-25T14:29:03.471Z::po.xml"
      },
      "contextAttributes" : null,
      "additionalInfo" : {
        "description" : "PO for ICS REST interface",
        "contentType" : "application/json; charset=utf-8",
        "documentState" : "VALID"
      }
    }
  },
  "dataFileExtension" : "xml",
  "objectRefs" : [ ]
}