{
  "objectInfo" : {
    "id" : "9J7wZpCiFm6iHdoOzEcCUn",
    "name" : "Proc-SomeActionOnICSRESTAPI",
    "type" : "PROCESS",
    "metadata" : {
      "modelVersion" : {
        "major" : 1,
        "minor" : 0
      },
      "repoInfo" : {
        "repoHandle" : "QFwYDeMVX3cjk91-gt-4405141-2016-07-25T14:32:58.689Z::pd.xml"
      },
      "contextAttributes" : null,
      "additionalInfo" : {
        "description" : "",
        "contentType" : "application/json; charset=utf-8",
        "documentState" : "VALID"
      }
    }
  },
  "dataFileExtension" : "xml",
  "objectRefs" : [ {
    "id" : "70D8acyrFY4ivBlHhNYssH",
    "name" : "x2CONN-SC-IC-REST-API-1",
    "type" : "AI_CONNECTION",
    "metadata" : {
      "modelVersion" : {
        "major" : 1,
        "minor" : 0
      },
      "repoInfo" : {
        "repoHandle" : "hzuzu2JQhtGci3z-gt-4431758-2016-07-25T14:59:55.118Z::conn.xml"
      },
      "contextAttributes" : null,
      "additionalInfo" : {
        "description" : "",
        "contentType" : "application/json; charset=utf-8",
        "documentState" : "VALID"
      }
    },
    "path" : "/Explore/Default"
  } ]
}