{
  "objectInfo" : {
    "id" : "6TT3PCVkFVXgvWmgNHc6iT",
    "name" : "Process Invoice",
    "type" : "GUIDE",
    "metadata" : {
      "modelVersion" : {
        "major" : 1,
        "minor" : 0
      },
      "repoInfo" : {
        "repoHandle" : "f5i4rswVYx8R8Wr-gt-149348-2014-12-22T16:23:58.095Z::gt.xml"
      },
      "contextAttributes" : null,
      "additionalInfo" : {
        "description" : "Accounts Payable Invoice Processing",
        "contentType" : "application/json; charset=utf-8",
        "documentState" : "VALID"
      }
    }
  },
  "dataFileExtension" : "xml",
  "objectRefs" : [ ]
}