{
  "objectInfo" : {
    "id" : "lVkt6tJkbwTcoO82eZBOOo",
    "name" : "Process Car Make",
    "type" : "PROCESS",
    "metadata" : {
      "modelVersion" : {
        "major" : 1,
        "minor" : 0
      },
      "repoInfo" : {
        "repoHandle" : "Qwg74Rpf6JfOMWS-gt-149126-2014-12-22T16:23:51.688Z::pd.xml"
      },
      "contextAttributes" : null,
      "additionalInfo" : {
        "description" : "",
        "contentType" : "application/json; charset=utf-8",
        "documentState" : "VALID"
      }
    }
  },
  "dataFileExtension" : "xml",
  "objectRefs" : [ ]
}